Država,Tekmovalec
Poland,Joanna Bogdanowicz
Poland,Jakub Oćwieja
Austria,Johannes Hafner
Poland,Jakub Konieczny
Poland,Szymon Majewski
Poland,Łukasz Mazurek
Croatia,Melkior Ornik
Slovakia,Miroslav Baláž
Poland,Mikołaj Bińkowski
Switzerland,Michael Liu
Austria,Stephan Eisenhaber
Austria,Joachim Orthaber
Croatia,Nina Kamčev
Slovakia,Tomáš Kocák
Croatia,Ines Marušić
Czechia,Samuel Říha
Austria,Martin Köberl
Slovakia,Martin Melicherčík
Czechia,Tomáš Toufar
Slovenia,Matjaž Payrits
Slovenia,Maja Poklinek
Croatia,Goran Žužić
Austria,Clemens Müllner
Switzerland,Cyril Lagger
Slovenia,Primož Pušnik
Austria,Adrian Fuchs
Slovakia,Jakub Köry
Czechia,Jan Máca
Czechia,Alena Peterová
Slovakia,Peter Ondrúška
Czechia,Matěj Peterka
Switzerland,Philipp Wirth
Switzerland,Georg Balmer
Switzerland,Adrien de Gottreau
Croatia,Ivan Domladovec
Slovenia,Aljaž Zalar
Switzerland,Lynn Richmond
Slovakia,Marián Šagát
Croatia,Ante Malenica
Czechia,Jan Vaňhara
Germany,Bertram Arnold
Hungary,András Éles
Hungary,Dániel Nagy
Poland,Jakub Oćwieja
Hungary,Gergely Szűcs
Poland,Patryk Drobiński
Poland,Daniel Malinowski
Poland,Karol Konaszyński
Germany,Jens Reinhold
Hungary,Dávid Fonyó
Germany,Simon Buchholz
Czechia,David Klaška
Poland,Tomasz Kociumaka
Germany,Martin Merker
Hungary,Nóra Szőke
Hungary,László Varga
Croatia,Ivo Božić
Slovakia,Peter Csiba
Slovakia,Michal Hagara
Switzerland,Pascal Su
Switzerland,Hrvoje Dujmovic
Austria,Johannes Hafner
Poland,Damian Orlef
Czechia,Tomáš Pavlík
Croatia,Matko Ljulj
Austria,Clemens Müllner
Austria,Stephan Pfannerer
Switzerland,Clemens Pohle
Germany,Judit Recknagel
Croatia,Grgur Valentić
Slovakia,Ladislav Bačo
Slovakia,Martin Bachratý
Slovakia,Tomáš Szaniszlo
Switzerland,Titus Cieslewski
Austria,Adrian Fuchs
Slovakia,Jakub Konečný
Croatia,Borna Cicvarić
Czechia,Jiří Marek
Austria,Felix Dräxler
Switzerland,Jürg Bachmann
Germany,Radomyra Shevchenko
Slovenia,Tomaž Stepišnik Perdih
Slovenia,Matjaž Payrits
Czechia,Jan Vaňhara
Slovenia,Filip Kozarski
Czechia,Van Nhan Nguyen
Czechia,Hana Šormová
Austria,Valerie Roitner
Switzerland,Cyril Lagger
Slovenia,Eva Breznik
Croatia,Ivana Antoliš
Croatia,Irma Telarović
Hungary,Bertalan Bodor
Germany,Fabian Gundlach
Poland,Szymon Kubicius
Hungary,Donát Nagy
Poland,Maciej Dulęba
Hungary,Kende Kalina
Slovakia,Tomáš Belan
Poland,Michał Zając
Czechia,Bohuslav Zmek
Germany,Paul Görlach
Germany,Phi-Long Phan
Hungary,Ákos Somogyi
Slovenia,Filip Kozarski
Slovakia,Vincent Lami
Poland,Jakub Pachocki
Poland,Katarzyna Jastrzębska
Slovenia,Matej Aleksandrov
Austria,Martin Nägele
Croatia,Matija Bucić
Croatia,Grgur Valentić
Austria,Julian Pascal Menz
Croatia,Kristijan Kilassa Kvaternik
Germany,Florian Schweiger
Hungary,Dávid Fonyó
Slovenia,Matjaž Leonardis
Germany,Aaron Puchert
Czechia,Simona Domesová
Czechia,Miroslav Olšák
Czechia,Petr Ryšavý
Slovenia,Eva Breznik
Croatia,Ognjen Stipetić
Hungary,Zsolt Wagner
Austria,Roland Prohaska
Croatia,Ivana Antoliš
Switzerland,Yannick Suter
Lithuania,Elena Dulskytė
Czechia,Radek Marciňa
Poland,Maciej Rzeszut
Slovenia,Matej Mlinarič
Slovakia,Natália Karásková
Lithuania,Justinas Česonis
Croatia,Ante Malenica
Slovakia,Ladislav Bačo
Slovakia,Ján Hozza
Germany,Tobias Höer
Austria,Christian Lindorfer
Lithuania,Žygimantas Širka
Switzerland,Ulrich Brodowsky
Switzerland,Lukas Brun
Austria,Daniel Perz
Switzerland,Timon Gehr
Czechia,Petr Boroš
Austria,Clemens Macho
Slovakia,Nikola Hrdá
Switzerland,Laura Gremion
Lithuania,Olga Juralevičiūtė
Lithuania,Simonas Mamaitis
Lithuania,Modestas Petravičius
Switzerland,Josef Ziegler
Hungary,Kende Kalina
Hungary,Nóra Frankl
Slovenia,Nik Jazbinšek
Germany,Alexander Thomas
Germany,Florian Gräßler
Hungary,Dániel Lenger
Hungary,Tamás Ágoston
Poland,Tomasz Cieśla
Slovenia,Matjaž Leonardis
Poland,Michał Matusiak
Austria,Martin Nägele
Lithuania,Edvard Poliakov
Hungary,András Sándor
Germany,Christoph Standke
Slovakia,Matej Balog
Poland,Piotr Derkowski
Lithuania,Ugnė Gudžinskaitė
Croatia,Boris Juras
Slovakia,Natália Karásková
Czechia,Jakub Solovský
Poland,Roman Stasiński
Croatia,Domagoj Ćevid
Croatia,Ivica Kičić
Croatia,Matija Milišić
Germany,Lukas Gehring
Poland,Wojciech Nadara
Slovenia,Neža Žager Korenjak
Czechia,Filip Hlásek
Germany,Xianghui Zhong
Austria,Georg Anegg
Slovakia,Ján Hozza
Germany,Erik Schultheis
Hungary,Ákos Somogyi
Slovakia,Dominik Csiba
Lithuania,Paulius Virbalas
Austria,Andreas Florian Nessmann
Austria,Bernd Prach
Slovakia,Jakub Santer
Switzerland,Ulrich Brodowsky
Czechia,Martin Bucháček
Austria,Maximilian Domberger
Croatia,Luka Filipović
Slovakia,Pavol Guričan
Lithuania,Benas Kikutis
Croatia,Luka Skorić
Czechia,Martin Töpfer
Slovenia,Klemen Zajc
Czechia,Lukáš Zavřel
Switzerland,Cyril Frei
Slovenia,Veno Mramor
Czechia,Michael Bílý
Lithuania,Justinas Česonis
Lithuania,Ana Daglis
Austria,Chuandong Tang
Poland,Łukasz Drwięga
Slovenia,Aleš Omerzel
Switzerland,Hayley Ross
Switzerland,Kevin Burri
Switzerland,Elia Fonti
Poland,Wojciech Nadara
Hungary,Attila Szabó
Germany,Dominik Duda
Hungary,Tamás Ágoston
Poland,Michał Zając
Poland,Karol Kaszuba
Hungary,Márton Mester
Croatia,Borna Vukorepa
Germany,David Schmidt
Hungary,Máté Gyarmati
Poland,Grzegorz Białek
Germany,Kevin Höllring
Germany,Khai Van Tran
Croatia,Luka Filipović
Hungary,Róbert Nagy
Poland,Kamil Rychlewicz
Hungary,Péter Strenner
Poland,Dariusz Matlak
Slovenia,Matjaž Leonardis
Switzerland,Alain Rossier
Germany,Kristina Klein
Slovakia,Miroslav Stankovič
Croatia,Aleksandar Bulj
Croatia,Boris Juras
Lithuania,Ignas Urbonavičius
Slovakia,Viktor Lukáček
Austria,Georg Maierhofer
Austria,Michael Missethan
Czechia,Ondřej Bartoš
Czechia,Dominik Steinhauser
Germany,Martin Thümmler
Czechia,Jan Kuchařík
Lithuania,Tomas Vaškevičius
Croatia,Mislav Balunović
Croatia,Verner Vlačić
Slovakia,Klára Ficková
Slovenia,Amadej Kristjan Kocbek
Austria,Felix Mittag
Czechia,Jan Stopka
Slovakia,Soňa Galovičová
Austria,Dekai Dong
Czechia,Lubomír Grund
Slovenia,Mihaela Pušnik
Austria,Maximilian Domberger
Czechia,Dominik Teiml
Lithuania,Justinas Česonis
Lithuania,Mykolas Blažonis
Slovakia,Matej Molnár
Lithuania,Matas Grigaliūnas
Lithuania,Aidas Kilda
Switzerland,Jonas Kühne
Slovakia,Vladimír Macko
Slovenia,Žan Klaneček
Austria,Nastassia Grimm
Switzerland,Viviane Kehl
Switzerland,Fabian Keller
Slovenia,Veno Mramor
Switzerland,Jerome Wettstein
Switzerland,Hayley Ross
Slovenia,Vesna Iršič
Poland,Kamil Rychlewicz
Hungary,Attila Szabó
Hungary,Péter Simon
Hungary,Jakab Tardos
Poland,Bartłomiej Żak
Croatia,Mislav Balunović
Lithuania,Aidas Kilda
Croatia,Mihael Marović
Hungary,Balázs Maga
Hungary,Márton Havasi
Germany,Dorothee Henke
Germany,Christoph Hertrich
Slovakia,Patrik Bak
Germany,Robin Fritsch
Slovakia,Filip Hanzely
Slovenia,Amadej Kristjan Kocbek
Czechia,Štěpán Šimsa
Lithuania,Tomas Vaškevičius
Hungary,Péter Ágoston
Czechia,David Hruška
Poland,Barbara Mroczek
Poland,Paweł Nałęcz-Jawecki
Poland,Konrad Paluszek
Slovenia,Mihaela Pušnik
Czechia,Lubomír Grund
Switzerland,Fabian Keller
Germany,Sascha Lill
Slovenia,Žiga Krajnik
Slovakia,Bui Truc Lam
Croatia,Roko Žaja
Germany,Mona Abdel-Rahman
Lithuania,Matas Grigaliūnas
Slovenia,Žan Klaneček
Austria,Nepomuk Krenn
Germany,Michael Rothgang
Slovakia,Jakub Šafin
Austria,Clemens Andritsch
Croatia,Erik Banek
Austria,Dekai Dong
Austria,Moritz Hiebler
Czechia,Ondřej Hübsch
Switzerland,Johannes Kapfhammer
Poland,Sławomir Kubicki
Lithuania,Mantas Pajarskas
Croatia,Vlatko Crnković
Switzerland,Arnaud Maret
Austria,Heinz Prach
Czechia,Jakub Vančura
Croatia,Aleksandar Bulj
Slovenia,Gregor Ekart
Austria,Jakob Führer
Switzerland,Abhigyan Ghosh
Lithuania,Domantas Jadenkus
Slovakia,Marta Kossaczká
Slovenia,Juan Gabriel Kostelec
Slovakia,Vladimír Macko
Switzerland,Köbi Meier
Czechia,Ondřej Skácel
Lithuania,Justas Klimavičius
Switzerland,Beat Jäckle
Hungary,Balázs Maga
Hungary,Bálint Zoltán Homonnay
Hungary,Márk Di Giovanni
Slovenia,Amadej Kristjan Kocbek
Hungary,Péter Simon
Poland,Albert Citko
Hungary,Barnabás Janzer
Slovakia,Bui Truc Lam
Poland,Karol Kaszuba
Czechia,Martin Hora
Switzerland,Timothée Schoen
Czechia,Tomáš Novotný
Switzerland,Benjamin Favre
Croatia,Kristian Vedran Budrovčan
Poland,Michał Figlus
Slovakia,Tamás Balogh
Poland,Daniel Grzegorzewski
Poland,Jakub Morawski
Slovenia,Juan Gabriel Kostelec
Slovakia,Jakub Dargaj
Czechia,Viktor Němeček
Lithuania,Aidas Kilda
Germany,Matthias Paulsen
Germany,Patrick Huber
Croatia,Daniel Paleka
Switzerland,David Rusch
Lithuania,Jokūbas Ruibys
Austria,Josef Greilhuber
Slovenia,Klara Nosan
Poland,Konrad Deka
Slovakia,Marko Puza
Germany,Martin Metz
Austria,Moritz Hiebler
Switzerland,Paul Seidel
Slovakia,Zhen Ning Dávid Liu
Austria,Dexin Dong
Croatia,Ivan Lazarić
Slovenia,Juš Kosmač
Germany,Luca Arcidiacono
Czechia,Martin Raszyk
Czechia,Matěj Konečný
Czechia,Pavel Turek
Lithuania,Vytautas Šlenfuktas
Slovenia,Žiga Krajnik
Switzerland,Horace Chaix
Austria,Julian Mache
Slovenia,Lara Jerman
Croatia,Mato Manović
Austria,Sergey Yurkevich
Austria,Valentin Hübner
Germany,Yiyang Huang
Croatia,Josip Pupić
Hungary,József Herczeg
Croatia,Petar Orlić
Switzerland,Beat Jäckle
Lithuania,Domantas Jadenkus
Slovakia,Matúš Halaj
Germany,Tobias Wilkat
Lithuania,Indrė Tuminauskaitė
Lithuania,Povilas Šlekys
Croatia,Ivan Lazarić
Hungary,Kada Williams
Czechia,Václav Rozhoň
Poland,Adam Klukowski
Germany,Nicolas Köcher
Poland,Mariusz Trela
Slovakia,Eduard Batmendijn
Poland,Konrad Jan Paluszek
Hungary,Barnabás Szabó
Croatia,Domagoj Bradač
Croatia,Kristian Vedran Budrovčan
Germany,Pascal Hein
Poland,Damian Głodkowski
Austria,Paul Schütz
Hungary,Panna Tímea Fekete
Austria,Levi Haunschmid
Hungary,Pál Nagy-György
Croatia,Lukas Novak
Croatia,Josip Pupić
Switzerland,David Rusch
Croatia,Kristijan Štefanec
Germany,Max Aehle
Czechia,Marian Poljak
Austria,Alexander Stadler
Switzerland,Horace Chaix
Czechia,Vojtěch Dvořák
Poland,Stanisław Frejlak
Hungary,Szuzina Gyulai-Nagy
Poland,Mateusz Kobak
Slovenia,Amadej Kristjan Kocbek
Czechia,Matěj Konečný
Hungary,Tamás Szőke
Lithuania,Domantas Jadenkus
Czechia,Karolína Kuchyňová
Slovakia,Zuzana Frankovská
Germany,Meike Neuwohner
Austria,Bruno Perreaux
Slovenia,Mihael Rajh
Switzerland,Henning Zhang
Switzerland,Marco Cavaleri
Germany,Jamico Schade
Austria,Andreas Ulm
Lithuania,Antanas Kalkauskas
Lithuania,Deividas Morkūnas
Austria,Matthias Reich-Rohrwig
Slovenia,Jakob Jurij Snoj
Germany,Laura Lippert
Slovenia,Luka Lodrant
Lithuania,Andrius Ovsianas
Switzerland,Linus Roesler
Lithuania,Valentinas Janeiko
Slovakia,Ondrej Bohdal
Slovenia,David Popović
Slovenia,Klara Nosan
Czechia,Libor Drozdek
Switzerland,Fabian Jin
Slovakia,Henrieta Micheľová
Slovakia,Silvia Nepšinská
Slovakia,Ondrej Bínovský
Lithuania,Šarūnas Vaitkus
Poland,Mateusz Kobak
Poland,Leszek Sołdan
Czechia,Filip Bialas
Croatia,Domagoj Bradač
Hungary,Kálmán Lajkó
Hungary,Attila Gáspár
Hungary,Benedek Kovács
Germany,Arne Wolf
Croatia,Leon Starešinić
Poland,Piotr Ambroszczyk
Germany,Tim Blödtner
Lithuania,Neringa Levinskaitė
Croatia,Petar Nizić-Nikolac
Germany,Christian Nöbel
Slovenia,David Popović
Germany,Sara-Viola Kuntz
Slovakia,Alan Marko
Poland,Paweł Burzyński
Slovakia,Slavomír Hanzely
Germany,Luise Puhlmann
Hungary,Szuzina Gyulai-Nagy
Lithuania,Antanas Kalkauskas
Poland,Jakub Ochnik
Lithuania,Mantas Rasinskas
Poland,Szymon Stolarczyk
Switzerland,Marco Cavaleri
Austria,Alexander Hein
Lithuania,Ernestas Ramanauskas
Slovenia,Jakob Jurij Snoj
Austria,Konstantin Andritsch
Croatia,Andrija Mandić
Slovenia,Domen Vreš
Austria,Julia Stadlmann
Switzerland,Sijing Huang
Slovakia,Peter Ralbovský
Slovakia,Pavol Zaťko
Croatia,Josip Kelava
Switzerland,Patrick Stalder
Germany,Leo Gitin
Switzerland,Ari Jordan
Hungary,Kartal Nagy
Czechia,Lucien Šíma
Czechia,Vojtěch Lukeš
Slovenia,Aleksej Jurca
Croatia,Patrik Papac
Czechia,Daniel Pišťák
Czechia,Jan Šorm
Austria,Bernhard Kralofsky
Czechia,Jan Petr
Lithuania,Zigmas Bitinas
Hungary,Viktória Kovács
Slovenia,David Opalič
Slovenia,Timen Stepišnik Perdih
Slovakia,Henrieta Micheľová
Switzerland,Pascal Sommer
Slovakia,Jakub Mach
Lithuania,Aistė Grušnytė
Austria,Simon Wegan
Switzerland,Viera Klasovita
Austria,Simon Breneis
Poland,Maciej Dziuba
Croatia,Patrik Papac
Slovenia,David Popović
Hungary,Márton Borbényi
Croatia,Petar Nizić-Nikolac
Hungary,Viktor Tóth
Czechia,Danil Koževnikov
Croatia,Lukas Novak
Slovenia,Domen Vreš
Poland,Jan Lebioda
Germany,Silas Rathke
Slovakia,Ákos Záhorský
Hungary,Benedek Váli
Czechia,Jan Petr
Slovakia,Jozef Lipták
Slovenia,David Opalič
Croatia,Tadej Petar Tukara
Switzerland,Jischai Wyler
Croatia,Luka Banović
Poland,Bartłomiej Bollin
Hungary,Balázs Bukva
Germany,Lukas Gehring
Lithuania,Aurimas Klimašauskas
Slovakia,Alan Marko
Poland,Tomasz Przybyłowski
Croatia,Ivan Sinčić
Lithuania,Artūras Jocas
Switzerland,Frieder Jäckel
Austria,Laurenz Kohlbach
Czechia,Lenka Kopfová
Slovenia,Timen Stepišnik Perdih
Poland,Jakub Brojacz
Hungary,András Imolay
Slovakia,Peter Ralbovský
Switzerland,Patrick Stalder
Poland,Szymon Stolarczyk
Germany,Fabian Maciy
Germany,Elbrus Mayer
Switzerland,Marco Cavaleri
Switzerland,Ari Jordan
Germany,Karl Albrecht Hellig
Slovakia,Juraj Halabrín
Hungary,Soma Hansel
Austria,Maximilian Hofer
Lithuania,Justas Janickas
Lithuania,Zigmas Bitinas
Lithuania,Gilbertas Umbražūnas
Austria,Konstantin Andritsch
Czechia,Ondřej Motlíček
Slovakia,Jakub Mach
Austria,Nikola Negovanovic
Czechia,Martin Raška
Austria,Lukas Letuha
Slovenia,Nejc Zajc
Germany,Gerrit Heuermann
Switzerland,Tanish Patil
Slovenia,Andraž Maier
Czechia,Ondřej Svoboda
Lithuania,Justas Tamulis
Austria,Benedikt Buchecker
Hungary,Dániel Simon
Poland,Damian Burczyk
Hungary,Balázs Bukva
Hungary,András Imolay
Belarus,Andrei Shakel
Belarus,Uladzislau Siavets
Croatia,Tadej Petar Tukara
Czechia,Matěj Doležálek
Belarus,Arina Goloubitskaya
Hungary,Orsolya Lili Janzer
Poland,Jakub Kamiński
Poland,Michał Siennicki
Germany,Christoph Börger
Germany,Benedikt Fröhlich
Slovenia,Luka Horjak
Poland,Aleksandra Kowalska
Slovenia,Nejc Zajc
Croatia,Noel Lakić
Croatia,Luka Šimek
Czechia,Josef Minařík
Slovenia,David Opalič
Hungary,Bálint Zsigri
Slovakia,Lucia Krajčoviechová
Switzerland,Raphael Angst
Belarus,Aliaksandr Kazakou
Croatia,Ivan Sinčić
Croatia,Aleksandra-Saša Božović
Hungary,Zoltán Molnár-Sáska
Slovakia,Michal Staník
Czechia,Filip Svoboda
Germany,Kerrin Bielser
Slovenia,Ana Meta Dolinar
Germany,Christian Lange
Poland,Jacek Salata
Germany,Linus Seifert
Switzerland,Marco Cavaleri
Slovenia,Andraž Maier
Slovakia,Dávid Mišiak
Czechia,Radek Olšák
Slovenia,Marko Čmrlec
Poland,Łukasz Kamiński
Slovakia,Pavol Kebis
Lithuania,Dominykas Marma
Switzerland,Matthew Meyer
Croatia,Tea Arvaj
Austria,Jakob de Raaij
Lithuania,Vilandas Navickas
Lithuania,Tautvydas Jasiūnas
Slovakia,Samuel Krajči
Czechia,Tomáš Perutka
Belarus,Lizaveta Puzyna
Austria,Veronika Schreitter
Austria,Nadja Vohradsky
Belarus,Yuliya Kryvitskaya
Slovakia,Alan Marko
Switzerland,Anaëlle Pfister
Lithuania,Pijus Bradulskis
Germany,Carmen Brannath
Switzerland,Bibin Muttappillil
Czechia,Jiří Škrobánek
Lithuania,Ieva Elija Jucevičiūtė
Austria,Thomas Speckhofer
Austria,Stefanie Rauch
Austria,Lydia Rysavy
Switzerland,Yunshu Ouyang
Lithuania,Aleksandras Melnik
Hungary,Csongor Beke
Poland,Maciej Dziuba
Ukraine,Volodymyr Fedynyak
Germany,Maximilian Göbel
Poland,Aleksandra Kowalska
Croatia,Noel Lakić
Poland,Łukasz Orski
Hungary,Máté Weisz
Ukraine,Kateryna Horokh
Ukraine,Vlada Petrusenko
Ukraine,Oleksii Masalitin
Poland,Cezary Botta
Poland,Rafał Pyzik
Croatia,Krunoslav Ivanović
Hungary,Anna Kerekes
Germany,Maximilian Keßler
Slovakia,Marián Poturnay
Poland,Kamil Galewski
Slovakia,Dávid Mišiak
Slovakia,Michal Molnár
Slovakia,Pavol Kollár
Croatia,Andrija Tomorad
Croatia,Luka Bulić Bračulj
Germany,Paul Müller
Ukraine,Karyna Nechyporuk
Hungary,Balázs Tóth
Slovakia,Jozef Fülöp
Slovenia,Jan Genc
Slovenia,Ana Meta Dolinar
Ukraine,Oles Holembovskyy
Switzerland,Matthew Meyer
Croatia,Ivan Vojvodić
Hungary,Bálint Zsigri
Austria,Lorenz Hübel
Czechia,Magdaléna Mišinová
Croatia,Krešimir Nežmah
Germany,Male Hesse
Slovenia,Tevž Lotrič
Slovakia,Ján Priner
Germany,Zijian Wang
Switzerland,Johann Williams
Hungary,Ágoston Győrffy
Slovenia,Tea Jeličić
Czechia,Josef Minařík
Slovenia,Sašo Nikić
Czechia,Jana Pallová
Lithuania,Ieva Pileckaitė
Lithuania,Matas Urbonas
Lithuania,Juozapas Ivanauskas
Switzerland,Tim Frey
Switzerland,David Leonardo Lazar
Lithuania,Aleksandras Melnik
Austria,Jonas Pohn
Slovenia,Jaka Vrhovnik
Switzerland,Yanis Bena
Austria,Franz Gerhold
Germany,Elias Heinemann
Lithuania,Ugnė Milašiūnaitė
Austria,Alexis Sursock
Austria,Maria Hammer
Czechia,Jonáš Havelka
Austria,Lydia Rysavy
Czechia,Tomáš Sourada
Lithuania,Tomas Ervinas Trusovas
Czechia,Dalibor Kramář
Switzerland,Florian Keta
Croatia,Krešimir Nežmah
Poland,Kosma Kasprzak
Slovakia,Viktor Csaplár
Slovakia,Lucia Krajčoviechová
Hungary,Máté Weisz
Poland,Jan Dobrakowski
Slovakia,Jozef Fülöp
Croatia,David Mikulčić
Germany,Paul Paschmanns
Croatia,Vedran Cifrek
Croatia,Gabrijel Radovčić
Poland,Iwo Pilecki-Silva
Poland,Adam Dankowiakowski
Poland,Paweł Gadziński
Slovenia,Jan Genc
Hungary,Péter Gyimesi
Germany,Veran Stojanovic
Slovenia,Gal Zmazek
Austria,Zsolt Tarka
Czechia,Vojtěch David
Lithuania,Modestas Gujis
Germany,Maximilian Hauck
Lithuania,Gytis Steišūnas
Switzerland,Joël Huber
Switzerland,Florian Keta
Hungary,Máté Soós
Hungary,Balázs Tóth
Slovakia,Matej Hanus
Czechia,Magdaléna Mišinová
Czechia,Jan Vavřín
Hungary,Csongor Beke
Croatia,Lovro Vladić
Czechia,Viktor Fukala
Czechia,Adéla Heroudková
Croatia,Matej Ljubičić
Poland,Mateusz Nowak
Austria,Michael Hollnbuchner
Slovenia,Nejc Amon
Switzerland,Ema Skottova
Lithuania,Paulius Vijeikis
Switzerland,Yanis Bena
Austria,Anna Lenz
Slovenia,Matija Likar
Austria,Lubing Ruan
Lithuania,Dovydas Vadišius
Hungary,Zsombor Várkonyi
Czechia,Jana Bušová
Austria,Dorian Jost
Slovenia,Juš Kocutar
Slovakia,Norbert Micheľ
Germany,Patrick Nasri-Roudsari
Austria,Minh Hieu Nguyen
Switzerland,Julia Sollberger
Lithuania,Rokas Urbonas
Slovenia,Urban Vesel
Switzerland,Johann Williams
Germany,Matthias Lotze
Germany,Edgar Perner
Lithuania,Eligijus Žemulis
Slovakia,Timea Szöllősová
Poland,Antoni Buraczewski
Poland,Paweł Gadziński
Hungary,Erik Füredi
Hungary,Zsombor Várkonyi
Slovakia,Viktor Balan
Croatia,Ema Borevković
Czechia,Jiří Kalvoda
Croatia,Dorijan Lendvaj
Croatia,Patrick Pavić
Poland,Mateusz Scharmach
Germany,Cedric Friedrich
Czechia,Matouš Šafránek
Hungary,Kornél Szabó
Lithuania,Dovydas Vadišius
Hungary,Janka Hámori
Slovakia,Norbert Micheľ
Croatia,Ivan Jambrešić
Poland,Korneliusz Obarski
Czechia,Karel Stehlík
Hungary,Zsigmond Fleiner
Hungary,Tamás Kovács
Slovakia,Csaba Daniel Farkaš
Germany,Alexander Heeg
Germany,Anton Hoof
Germany,Fynn Kessels
Czechia,Zdeněk Pezlar
Slovakia,Štefan Slavkovský
Slovakia,Jakub Šošovička
Poland,Adam Dankowiakowski
Germany,Julian Robin Völlmecke
Austria,David Ettel
Lithuania,Modestas Gujis
Switzerland,Philipp Junghans
Austria,Jakob Kapelari
Switzerland,Ema Skottova
Poland,Marek Zbysiński
Slovenia,Gal Zmazek
Slovenia,Nejc Amon
Germany,Johann Kretzschmar
Switzerland,Ricardo Olivo
Lithuania,Tomas Babelis
Czechia,Vojtěch David
Slovenia,Simon Bukovšek
Slovenia,Juš Kocutar
Switzerland,Fadri Lardon
Lithuania,Gustas Pranckietis
Austria,Zsolt Tarka
Czechia,Adéla Karolína Žáčková
Croatia,Vedran Cifrek
Switzerland,Bora Olmez
Slovenia,Lana Prijon
Austria,Julius Stolz
Slovenia,Urban Vesel
Switzerland,Pepijn Cobben
Lithuania,Gabrielius Gvazdauskas
Slovakia,Matúš Zelko
Croatia,Gabrijel Radovčić
Austria,Lennard Trautmann
Austria,Gabriel Pflügl
Lithuania,Eligijus Žemulis
Poland,Kosma Kasprzak
Hungary,Ágoston Török
Poland,Bartłomiej Bychawski
Poland,Marek Zbysiński
Czechia,Martin Fof
Hungary,Vilmos Molnár-Szabó
Croatia,Patrick Pavić
Poland,Piotr Andrzej Kuc
Germany,Richard Ueltzen
Hungary,Áron Bán-Szabó
Croatia,Stella Čolo
Bosnia and Herzegovina,Adi Hujić
Bosnia and Herzegovina,Emira Ibrahimović
Slovakia,Eliška Macáková
Germany,Théo Lequy
Czechia,Zdeněk Pezlar
Poland,Konstanty Smolira
Hungary,Ádám Bencsik
Hungary,Máté Jánosik
Switzerland,Ricardo Olivo
Germany,Ole Gabsdil
Bosnia and Herzegovina,Filip Lalović
Slovakia,Zuzana Miškaňová
Croatia,Namik Agić
Bosnia and Herzegovina,Esma Mašić
Croatia,Janko Bušelić
Germany,Finnley Paolella
Lithuania,Pijus Šapnagis
Bosnia and Herzegovina,Ahmed Spahić
Croatia,Emanuel Tukač
Bosnia and Herzegovina,Marko Vučić
Lithuania,Tomas Babelis
Czechia,Veronika Borková
Slovenia,Katarina Grilj
Austria,Paul Hametner
Switzerland,Emily Dikhoff
Slovakia,Viktor Imrišek
Switzerland,(disqualified)
Slovenia,Matija Skrt
Czechia,Hynek Jakeš
Slovakia,Matej Lukáčik
Austria,Lukas Ginter
Switzerland,Tejas Krishnan
Lithuania,Radvilas Rumšas
Austria,Georg Weisbier
Czechia,Jakub Horák
Switzerland,Elia Steinfeld
Austria,David Blassnig
Slovakia,Alica Dományová
Slovenia,Vid Kavčič
Germany,Erik Rinas
Lithuania,Justinas Jučas
Hungary,Benedek Nádor
Slovenia,Tilen Šket
Czechia,Ondřej Trinkewitz
Slovenia,Lenart Dolinar
Croatia,Petar Sruk
Slovakia,Peter Kochelka
Germany,Marie Mattutat
Austria,Jan Schiller
Austria,Janina Schneeweiss
Lithuania,Domantas Stanys
Poland,Michał Ciapka
Slovenia,Rok Hladin
Lithuania,Karolis Liutkus
Switzerland,Eric Wermelinger
Germany,Réka Wagener
Hungary,Csilla Fülöp
Hungary,Márton Lovas
Germany,Henrik Schlüter
Poland,Mateusz Przebieracz
Hungary,Dorottya Mezey
Poland,Daniela Spurtacz
Germany,Tammo Mintken
Switzerland,Jonah Osterwalder
Hungary,Benjamin Móricz
Hungary,Anna Wiener
Poland,Mateusz Pałucki
Czechia,Jakub Štepo
Croatia,Emanuel Tukač
Czechia,Šimon Andrš
Croatia,Stella Čolo
Hungary,Márton Duchon
Switzerland,Evelyn Ebneter
Austria,Dominik Pultar
Switzerland,Mohamed Bouchouata
Slovakia,Oskar Hritz
Poland,Michał Mańka
Croatia,Lara Semeš
Czechia,Anna Hronová
Czechia,Ondřej Trinkewitz
Poland,Maksymilian Wdowiarz-Bilski
Austria,Georg Weisbier
Switzerland,Jerry Schupp
Austria,Jan Strehn
Czechia,Tereza Černá
Croatia,Nikola Vujica
Lithuania,Eduardas Acuta
Lithuania,Vytenis Kalinauskas
Germany,Sebastian Ohlig
Slovakia,Matej Bachniček
Austria,David Buchmaier Bofill
Slovenia,Lenart Dolinar
Slovakia,Alica Dományová
Croatia,Borna Čizmarević
Poland,Stanisław Lada
Slovenia,Luka Peruš
Germany,Lukas Schulze
Slovakia,Martin Štěpánek
Switzerland,Yaël Arn
Lithuania,Matas Garbaravičius
Croatia,Adian Anibal Santos Sepčić
Austria,Raphael Vanham
Slovenia,Peter Andolšek
Slovakia,Adam Džavoronok
Slovakia,Roland Vízner
Lithuania,Andrius Gasiukevičius
Slovenia,Nino Kolander
Lithuania,Dominykas Šatikas
Czechia,Adam Červenka
Austria,Raphael Heuchl
Slovenia,Hugo Trebše
Germany,Sandra Franz
Lithuania,Jokūbas Jasiūnas
Slovenia,Jakob Žorž
Switzerland,Anna Kokorich
Poland,Stanisław Lada
Poland,Patryk Rosół
Hungary,Ábel Szakács
Germany,Philipp Lörcks
Croatia,Emanuel Bajamić
Hungary,Borisz Bényei
Croatia,Fabijan Cikač
Hungary,Boldizsár Varga
Switzerland,Ivan Voevodskiy
Hungary,Anna Wiener
Croatia,David Lang
Hungary,Gergő Chrobák
Switzerland,Mark Neumann
Slovenia,Luka Urbanc
Switzerland,Mohamed Bouchouata
Lithuania,Kiryl Krutsko
Germany,Lennart Zenker
Austria,Fabian Heinricher
Poland,Wojciech Malinowski
Germany,Jieoh Ahn
Slovakia,Lucia Chladná
Austria,Valentin Glatz
Switzerland,Jerry Schupp
Croatia,Kristijan Šimović
Czechia,Anastasia Bredichina
Slovakia,Martin Cigler
Austria,Raphael Heuchl
Poland,Robert Kluszczyński
Slovakia,Rudolf Kusý
Poland,Miłosz Płatek
Austria,Jan Schiller
Austria,Benjamin Aster
Hungary,Kim Dorka Nguyen
Slovakia,Samuel Vargovčík
Slovakia,Richard Vodička
Lithuania,Andrius Gasiukevičius
Czechia,David Hromádka
Slovenia,Nejc Sušnik
Germany,Gabriel Tofan
Slovenia,Žiga Oštir
Germany,Fedir Fedorov
Croatia,Adrian Grbac Lacković
Switzerland,Louis Renner
Austria,William Shi
Czechia,Pavel Hyánek
Slovenia,Patricia Király
Slovenia,Zara Barbarić
Croatia,Val Karan
Slovakia,Filip Prutkay
Germany,Jost Reelsen
Poland,Wojciech Domin
Czechia,Jakub Vojtek
Lithuania,Jokūbas Abromaitis
Lithuania,Rugilė Dzindzalietaitė
Czechia,Jan Slíva
Switzerland,Andrej Ševera
Lithuania,Laurynas Truskauskas
Czechia,Patrik Čermák
Slovenia,Matic Pogorelec
Lithuania,Karolis Pažarauskas
Croatia,Patrik Cvetek
Hungary,Zsófia Keresztély
Poland,Magdalena Pudełko
Poland,Michał Piotr Wolny
Croatia,Emanuel Bajamić
Germany,Philip Trebst
Germany,Tina Ding
Croatia,Fran Pilipović
Czechia,Radim Aulický
Poland,Jan Micyk
Switzerland,Andrej Ševera
Poland,Tymon Sidor
Slovakia,Marián Kovaľ
Austria,André Tremetsberger
Poland,Grzegorz Kaczmarek
Croatia,Hrvoje Valent
Germany,Josephina Berg
Slovakia,Šimon Dafčík
Hungary,Martin Holló
Czechia,Jan Slíva
Poland,Jakub Świcarz
Czechia,Richard Dobíšek
Croatia,Lana Milani
Slovakia,Simon Omaník
Hungary,Zalán Vigh
Czechia,Mikuláš Jandík
Hungary,István Ádám Molnár
Slovakia,Dominik Martin Rigász
Hungary,Benedek Noel Kovács
Lithuania,Matas Povilaitis
Germany,Oscar Su
Slovenia,Ekaterina Chizhova
Slovakia,Richard Dudek
Slovakia,Michal Imrišek
Switzerland,David Reichmuth
Slovenia,Martin Alojz Flisar
Germany,Tobias Pötzsch
Lithuania,Jurgis Kemeklis
Czechia,Helena Muchová
Lithuania,Pijus Piekus
Czechia,Ivan Žemlička
Switzerland,Evelyn Ebneter
Lithuania,Jokūbas Abromaitis
Austria,Philipp Bui
Switzerland,Francesc Oro
Slovenia,Adam Bürmen
Croatia,Maša Dobrić
Austria,Philipp Kreuzer
Hungary,Bulcsú Prohászka
Switzerland,Emil Spiess
Switzerland,Svenja Felber
Germany,Jan Thürmann
Slovenia,Tomaž Holc
Austria,Yelyzaveta Yevtushenko
Lithuania,Skomantas Urbonas
Austria,Valentina Kubicek
Austria,Rafael Luber
Slovenia,Tomaž Koželj
Slovenia,Aleksander Kosanović
Lithuania,Arijus Paulavičius
Germany,Ben Fischer
Ukraine,Ostap Hishchak
Poland,Łucja Łyziak
Germany,Max Maluche
Poland,Antoni Nowosielski
Ukraine,Volodymyr Pryhunov
Poland,Robert Rośczak
Hungary,Dóra Sárdinecz
Lithuania,Arijus Paulavičius
Hungary,Bulcsú Prohászka
Poland,Mateusz Miernik
Hungary,Richárd Ali
Slovakia,Šimon Dafčík
Czechia,Martin Bryja
Czechia,Alexis Théodore Dachary
Slovakia,Marián Kovaľ
Ukraine,Kateryna Sydorenko
Austria,Lorenz Werner
Slovakia,Norbert Barnáš
Croatia,Lovro Kličković
Slovakia,Šimon Komara
Poland,Maksymilian Czyżewski
Croatia,Ivan Katalenić
Austria,Yelyzaveta Yevtushenko
Germany,Philippos Dimitriou
Slovakia,Viliam Gottweis
Hungary,Károly Gyenes
Slovenia,Luka Heric
Croatia,Emil Missoni
Czechia,Petr Vokřínek
Germany,Poyraz Coşkun
Poland,Aleksander Misterski
Croatia,Fran Pilipović
Lithuania,Vasaris Rinkevičius
Czechia,Svatava Šimečková
Switzerland,Yuhua Su
Switzerland,Vladyslav Babiy
Czechia,Lukáš Komín
Slovenia,Adam Bürmen
Germany,Malte Gelinek
Croatia,Matej Križanić
Switzerland,Austin Zhang
Lithuania,Augustas Kerys
Slovakia,Oliver Seman
Austria,Benedek Ürge
Germany,Jannis Rieken
Ukraine,Dariia Balan
Switzerland,Svenja Felber
Slovenia,Martin Alojz Flisar
Czechia,Helena Muchová
Hungary,Zalán Vigh
Ukraine,Viktoriia Goncharenko
Ukraine,Mykola Kobzarenko
Hungary,Péter Kocsis
Lithuania,Augustas Kurlavičius
Slovenia,Primož Markovič
Austria,Ziao Suo
Croatia,Fran Čačinović
Slovenia,Pavel Kandus
Switzerland,Benoit Schmit
Lithuania,Aleksandras Zubkovas
Austria,Philipp Gutenthaler
Slovenia,Blaž Kumar
Austria,Philipp Bui
Switzerland,Pranavendra Reddy Tammireddy
Lithuania,Dominykas Laucius
