Tekmvanje,Država,Tekmovalec
EGMO,Bulgaria,Pavlena Nenova
EGMO,United States,Danielle Wang
EGMO,Romania,Simona Diaconu
EGMO,Italy,Giada Franz
EGMO,Poland,Barbara Mroczek
EGMO,United States,Victoria Xia
EGMO,Türkiye,Berfin Şimşek
EGMO,Ukraine,Yaroslava Serdyuk
EGMO,Türkiye,Sena Nur Arbağ
EGMO,Bulgaria,Kalina Petrova
EGMO,Poland,Anna Siennicka
EGMO,Indonesia,Christa Lorenzia Soesanto
EGMO,Italy,Alice Cortinovis
EGMO,Ukraine,Yuliya Kravchenko
EGMO,Poland,Agata Latacz
EGMO,Romania,Ştefana-Lucia Aniţa
EGMO,Ukraine,Mariia Pavliuk
EGMO,Poland,Anna Olech
EGMO,Romania,Ioana-Maria Tamaş
EGMO,Romania,Andreea Măgălie
EGMO,Ukraine,Olena Kharytonova
EGMO,Hungary,Eszter Kiss
EGMO,Switzerland,Viviane Kehl
EGMO,Türkiye,Gülşah Onur
EGMO,United Kingdom,Natalie Behague
EGMO,Hungary,Emese Anna Tóth
EGMO,Switzerland,Laura Gremion
EGMO,Italy,Angela Veronese
EGMO,Hungary,Melinda Flóra Kiss
EGMO,Finland,Jiali Yan
EGMO,Saudi Arabia,Abrar Alshaikh
EGMO,Serbia,Nevena Nikolic
EGMO,Serbia,Jelena Trisovic
EGMO,United Kingdom,Katya Richards
EGMO,United States,Sarah Herrmann
EGMO,Latvia,Agnese Kerubina
EGMO,Serbia,Marijana Vujadinović
EGMO,United States,Julia Huang
EGMO,Indonesia,Natasha Sutedja
EGMO,Netherlands,Michelle Sweering
EGMO,Italy,Federica Cecchetto
EGMO,Luxembourg,Christina Meyer
EGMO,Bulgaria,Ksenia Tsocheva
EGMO,Finland,Neea Palojärvi
EGMO,Saudi Arabia,Doha Aljeddawi
EGMO,Belgium,Sophie Peng
EGMO,Netherlands,Marieke van der Wegen
EGMO,Ireland,Yunwoo Lee
EGMO,Hungary,Zsuzsanna Bősze
EGMO,Luxembourg,Line Hoeltgen
EGMO,Netherlands,Loes Bazuin
EGMO,Serbia,Annamaria Piri
EGMO,Belgium,Elise Delhez
EGMO,Finland,Katja Kulmala
EGMO,Netherlands,Carina Both
EGMO,Bulgaria,Katherine Krem
EGMO,Türkiye,Feyza Duman
EGMO,Ireland,Niamh Broderick
EGMO,Latvia,Ilze Osina
EGMO,Switzerland,Jana Cslovjecsek
EGMO,United Kingdom,Ella Mi
EGMO,Finland,Pihla Karanko
EGMO,Ireland,Andrea Shui
EGMO,Latvia,Maira Vasilevska
EGMO,Saudi Arabia,Amaal Alsunaidi
EGMO,Switzerland,Charlotte Junod
EGMO,United Kingdom,Elizabeth Lee
EGMO,Ireland,Jessica Weitbrecht
EGMO,Luxembourg,Carole Muller
EGMO,Latvia,Parsla Esmeralda Sietina
EGMO,United States,Danielle Wang
EGMO,Türkiye,Berfin Şimşek
EGMO,Serbia,Anđela Šarković
EGMO,Hungary,Emese Anna Tóth
EGMO,Poland,Barbara Mroczek
EGMO,Belarus,Lizaveta Dauhiala
EGMO,Belarus,Varvara Kuzmitskaya
EGMO,Belarus,Anastasiya Zhyrkevich
EGMO,Italy,Giada Franz
EGMO,Romania,Simona Diaconu
EGMO,Bulgaria,Velina Ivanova
EGMO,Norway,Ingerid Marie Fosli
EGMO,Serbia,Marijana Vujadinović
EGMO,Poland,Anna Hoduń
EGMO,Ukraine,Anastasiya Alokhina
EGMO,Bulgaria,Pavlena Nenova
EGMO,Netherlands,Michelle Sweering
EGMO,Serbia,Tamara Sekularac
EGMO,United Kingdom,Elizabeth Lee
EGMO,Bulgaria,Vladimira Souvandjieva
EGMO,Romania,Andreea Măgălie
EGMO,Switzerland,Viviane Kehl
EGMO,United States,Laura Pierson
EGMO,Romania,Silvia-Elena Pripoae
EGMO,Türkiye,Sena Nur Arbağ
EGMO,United States,Alicia Weng
EGMO,Italy,Alice Cortinovis
EGMO,Ukraine,Daryna Kravets
EGMO,Ukraine,Olha Tkachenko
EGMO,Ukraine,Olena Kharytonova
EGMO,United Kingdom,Maria Holdcroft
EGMO,Bulgaria,Milena Velikova
EGMO,Hungary,Zsuzsanna Bősze
EGMO,Hungary,Eszter Kabos
EGMO,Serbia,Jelena Trisovic
EGMO,Belarus,Irina Burak
EGMO,Hungary,Ágnes Kúsz
EGMO,Italy,Clara Antonucci
EGMO,Italy,Giulia Trevisan
EGMO,Poland,Anna Czerwińska
EGMO,Poland,Anna Olech
EGMO,United States,Jingyi Zhao
EGMO,Romania,Florina Toma
EGMO,Slovenia,Maruša Pečovnik
EGMO,Türkiye,Çağıl Kalender
EGMO,Finland,Katja Kulmala
EGMO,Netherlands,Chuyao Tong
EGMO,Switzerland,Jana Cslovjecsek
EGMO,Belgium,Jessica Mulpas
EGMO,France,Noémie Cartier
EGMO,Norway,Elisabeth Schwarz
EGMO,Türkiye,Melike Ayşegül Kara
EGMO,United Kingdom,Katya Richards
EGMO,Finland,Pihla Karanko
EGMO,France,Ariane Gayout
EGMO,Latvia,Eva Brazevica
EGMO,Slovenia,Lara Jerman
EGMO,Slovenia,Klara Nosan
EGMO,Slovenia,Mihaela Pušnik
EGMO,United Kingdom,Kasia Warburton
EGMO,Latvia,Parsla Esmeralda Sietina
EGMO,Belgium,Elisabeth Gruwé
EGMO,France,Ippolyti Dellatolas
EGMO,Luxembourg,Christina Meyer
EGMO,Netherlands,Maaike Los
EGMO,Switzerland,Stefanie Zbinden
EGMO,Belgium,Elise Delhez
EGMO,France,Alice Contat
EGMO,Netherlands,Esther Visser
EGMO,Luxembourg,Tara Aghajani
EGMO,Sweden,Olga Axell
EGMO,Sweden,Sarah Tovatt
EGMO,Finland,Ella Tamir
EGMO,Ireland,Anna Mustata
EGMO,Ireland,Karen Briscoe
EGMO,Switzerland,Annalena Hofer
EGMO,Sweden,Emma Nimstad
EGMO,Latvia,Anna Bicevska
EGMO,Norway,Kari Lovise Lodsby
EGMO,Finland,Neea Palojärvi
EGMO,Ireland,Aoife Gregg
EGMO,Ireland,Jessica Weitbrecht
EGMO,Luxembourg,Tara Trauthwein
EGMO,Belgium,France Gheeraert
EGMO,Luxembourg,Nadine Muller
EGMO,Latvia,Darta Rituma
EGMO,Sweden,Anousha Parvaneh
EGMO,Ukraine,Sofiya Dubova
EGMO,United States,Danielle Wang
EGMO,Serbia,Anđela Šarković
EGMO,Hungary,Eszter Kabos
EGMO,Romania,Simona Diaconu
EGMO,Romania,Andreea Măgălie
EGMO,Ukraine,Anastasiya Alokhina
EGMO,Netherlands,Michelle Sweering
EGMO,Ukraine,Nataliia Khotiaintseva
EGMO,Bulgaria,Velina Ivanova
EGMO,United States,Victoria Xia
EGMO,Italy,Federica Cecchetto
EGMO,United States,Rachel Zhang
EGMO,Bulgaria,Violeta Naydenova
EGMO,Hungary,Ágnes Kúsz
EGMO,Serbia,Bogdana Jelic
EGMO,United Kingdom,Katya Richards
EGMO,Bulgaria,Pavlena Nenova
EGMO,Bulgaria,Denitsa Markova
EGMO,Italy,Giulia Trevisan
EGMO,Belarus,Darya Rabtsava
EGMO,Romania,Silvia-Elena Pripoae
EGMO,Türkiye,Feyza Duman
EGMO,United Kingdom,Kasia Warburton
EGMO,Italy,Clara Antonucci
EGMO,Switzerland,Stefanie Zbinden
EGMO,United States,Alicia Weng
EGMO,Japan,Chiaki Kasahara
EGMO,Japan,Eriko Kurimoto
EGMO,Belarus,Irina Burak
EGMO,France,Cécile Gachet
EGMO,Hungary,Panna Fekete
EGMO,Romania,Maria-Romina Ivan
EGMO,Finland,Mirjam Kauppila
EGMO,Hungary,Szuzina Gyulai-Nagy
EGMO,Belarus,Varvara Kuzmitskaya
EGMO,France,Lucie Wang
EGMO,Indonesia,Ambar Vanessa Sutandar
EGMO,Italy,Camilla Casamento Tumeo
EGMO,Norway,Kari Lovise Lodsby
EGMO,Poland,Anna Hoduń
EGMO,Poland,Anna Prochowska
EGMO,Türkiye,Melike Ayşegül Kara
EGMO,Ukraine,Anastasiya Kucherenko
EGMO,Iran,Tina Behnia
EGMO,Luxembourg,Christina Meyer
EGMO,Poland,Katarzyna Siennicka
EGMO,Serbia,Marijana Vujadinović
EGMO,Iran,Rozhin Nobahari
EGMO,Japan,Maya Ogita
EGMO,Latvia,Alise Ella Pretkalniņa
EGMO,Mexico,Nayeli Reyes Moreno
EGMO,Mexico,Maria Cecilia Rojas Cuadra
EGMO,Mexico,Olga Medrano Martin del Campo
EGMO,Serbia,Jelena Trisovic
EGMO,Slovenia,Lara Jerman
EGMO,Iran,Seyedeh Yasamin Tabatabaee
EGMO,Netherlands,Hannah Teeuw
EGMO,Türkiye - B,Zehra Erdem
EGMO,Poland,Katarzyna Budzik
EGMO,Türkiye,Başak Önder
EGMO,Türkiye - B,Çağıl Kalender
EGMO,United Kingdom,Eloise Thuey
EGMO,Belgium,France Gheeraert
EGMO,France,Edwige Cyffers
EGMO,France,Clara Ding
EGMO,Iran,Ava Jahan Biglari
EGMO,Luxembourg,Tara Trauthwein
EGMO,Switzerland,Romina Som
EGMO,Türkiye - B,Buşra Mirzamlı
EGMO,Albania,Boriana Gjura
EGMO,Finland,Ella Tamir
EGMO,Switzerland,Barbara Roos
EGMO,United Kingdom,Olivia Aaronson
EGMO,Belarus,Alena Panotchyk
EGMO,Finland,Minna Hirvonen
EGMO,Ireland,Karen Briscoe
EGMO,Netherlands,Eva NLD1-2014
EGMO,Netherlands,Elise Sänger
EGMO,Saudi Arabia,Renad Abu AL Jamal
EGMO,Türkiye,Elif Aydın
EGMO,Türkiye - B,Feyza Yavuz
EGMO,Japan,Himena Okamoto
EGMO,Latvia,Rebeka Eva Konute
EGMO,Moldova,Elvira Serțevoi
EGMO,Moldova,Vladlena Horneț
EGMO,Moldova,Cătălina Mămăligă
EGMO,Norway,Luca Éva Gazdag
EGMO,Saudi Arabia,Shaden Alshammari
EGMO,Switzerland,Annalena Hofer
EGMO,Slovenia,Nika Bedek
EGMO,Slovenia,Klara Nosan
EGMO,Albania,Bora Starja
EGMO,Belgium,Pauline Bessemans
EGMO,Finland,Tara Vaittinen
EGMO,Latvia,Parsla Esmeralda Sietina
EGMO,Latvia,Veronika Vasilevska
EGMO,Moldova,Nicoleta Mahu
EGMO,Mexico,Sandra Berenice Mendoza Penunuri
EGMO,Norway,Audhild Høgåsen
EGMO,Saudi Arabia,Ghufran Alkhamis
EGMO,Saudi Arabia,Ruba Aldhaheri
EGMO,Slovenia,Tjaša Košenina
EGMO,Albania,Rega Kopliku
EGMO,Albania,Fjona Parllaku
EGMO,Belgium,Morine Delhelle
EGMO,Belgium,Manon Mackels
EGMO,Ireland,Ioana Grigoras
EGMO,Ireland,Anna Mustata
EGMO,Norway,Tuva Sofie Tveiten
EGMO,United States,Danielle Wang
EGMO,Ukraine,Sofiya Dubova
EGMO,Ukraine,Nataliia Khotiaintseva
EGMO,Ukraine,Anastasiya Alokhina
EGMO,Serbia,Anđela Šarković
EGMO,Romania,Simona Diaconu
EGMO,Hungary,Zsuzsanna Baran
EGMO,Romania,Ioana Alexandra Teodorescu
EGMO,Serbia,Bogdana Jelic
EGMO,United States,Celine Liang
EGMO,Japan,Maya Ogita
EGMO,United States,Rachel Zhang
EGMO,Bulgaria,Denitsa Markova
EGMO,France,Lucie Wang
EGMO,Türkiye,Melike Ayşegül Kara
EGMO,Serbia,Marijana Vujadinović
EGMO,Bulgaria,Magdalena Georgieva
EGMO,Hungary,Sára Khayouti
EGMO,Türkiye,Feyza Duman
EGMO,Ukraine,Olga Silina
EGMO,Hungary,Panna Fekete
EGMO,Bulgaria,Violeta Naydenova
EGMO,France,Clara Ding
EGMO,Romania,Maria-Romina Ivan
EGMO,United Kingdom,Olivia Aaronson
EGMO,United States,Meghal Gupta
EGMO,Ireland,Anna Mustata
EGMO,Lithuania,Neringa Levinskaitė
EGMO,Mexico,Maria Cecilia Rojas Cuadra
EGMO,Türkiye,Çağıl Kalender
EGMO,Poland,Bogna Pawlus
EGMO,Poland,Dominika Regiec
EGMO,Switzerland,Stefanie Zbinden
EGMO,Luxembourg,Tara Trauthwein
EGMO,Belarus,Katsiaryna Kunts
EGMO,Hungary,Szuzina Gyulai-Nagy
EGMO,India,Pranjal Warade
EGMO,Italy,Camilla Casamento Tumeo
EGMO,Japan,Yurika Hirobe
EGMO,Mexico,Olga Medrano Martin del Campo
EGMO,Romania,Raluca Cobzaru
EGMO,Belarus,Lizaveta Manzhulina
EGMO,Belarus - B,Diana Fomina
EGMO,Serbia,Kristina Silađi
EGMO,Mexico,Naomi Mastache López
EGMO,North Macedonia,Teodora Bujaroska
EGMO,Poland,Aleksandra Mnich
EGMO,Saudi Arabia,Shaden Alshammari
EGMO,Japan,Mayuko Kori
EGMO,Moldova,Elvira Serțevoi
EGMO,Mexico,Alka Xavier Earathu
EGMO,Türkiye,Ayşe Pelin Özcan
EGMO,Italy,Giulia Cornali
EGMO,Italy,Morena Porzio
EGMO,Japan,Yuika Shimo
EGMO,Poland,Anna Czerwińska
EGMO,Bulgaria,Dona-Maria Ivanova
EGMO,Moldova,Nicoleta Mahu
EGMO,United Kingdom,Rosie Cates
EGMO,United Kingdom,Joanna Yass
EGMO,Belgium,France Gheeraert
EGMO,Belarus,Swetlana Shaban
EGMO,Netherlands,Eva NLD1-2014
EGMO,Slovenia,Klara Nosan
EGMO,United Kingdom,Kirsten Land
EGMO,Belarus - B,Hanna Zadarazhniuk
EGMO,Lithuania,Vaiva Augustinaitė
EGMO,Netherlands,Elise Sänger
EGMO,Norway,Anna Lyubarskaja
EGMO,Saudi Arabia,Amal Meer
EGMO,Saudi Arabia,Joud Saleh
EGMO,Belgium,Morine Delhelle
EGMO,Belarus,Ina Rudovich
EGMO,Belarus - B,Anhelina Yarashenka
EGMO,France,Albertine Devillers
EGMO,Italy,Vittoria Ricciuti
EGMO,Norway,Kari Lovise Lodsby
EGMO,India,Raagini Patki
EGMO,North Macedonia,Sanja Simonovikj
EGMO,Slovenia,Timeja Strašek
EGMO,Finland,Ella Anttila
EGMO,Slovenia,Klara Drofenik
EGMO,Finland,Ella Tamir
EGMO,Lithuania,Leticija Dubickaitė
EGMO,Lithuania,Aistė Grušnytė
EGMO,Belgium,Pauline Bessemans
EGMO,Ireland,Katie Louise O'Connor
EGMO,Latvia,Darta Rituma
EGMO,North Macedonia,Tea Stoilkovska
EGMO,Netherlands,Kirsten Peeters
EGMO,France,Myriam Qrichi Aniba
EGMO,Ireland,Toni Aidong Huang
EGMO,Latvia,Loreta Rutkovska
EGMO,Switzerland,Viera Klasovita
EGMO,Switzerland,Melina Lüthi
EGMO,Tunisia,Nada Saaidia
EGMO,Belgium,Manon Mackels
EGMO,Belarus - B,Tatsiana Palikarpava
EGMO,Ireland,Ioana Grigoras
EGMO,Netherlands,Christel van Diepen
EGMO,Norway,Weronika Wrzos-Kaminska
EGMO,Tunisia,Nour Elhouda Sabbagh
EGMO,Latvia,Annija Varkale
EGMO,Latvia,Annija Katkevica
EGMO,North Macedonia,Anastasija Trajanova
EGMO,Saudi Arabia,Omniyyah Khawjah
EGMO,Switzerland,Therese Moerschell
EGMO,Slovenia,Martina Lokar
EGMO,Finland,Tara Vaittinen
EGMO,Russia,Maria Dmitrieva
EGMO,Türkiye,Feyza Duman
EGMO,Bulgaria,Violeta Naydenova
EGMO,United States,Rachel Zhang
EGMO,Hungary,Zsuzsanna Baran
EGMO,United Kingdom,Rosie Cates
EGMO,Ukraine,Olga Silina
EGMO,United States,Meghal Gupta
EGMO,Japan,Maya Ogita
EGMO,Mexico,Olga Medrano Martin del Campo
EGMO,Russia,Isabella Tolokno
EGMO,Saudi Arabia,Shaden Alshammari
EGMO,Russia,Albina Lialina
EGMO,Bosnia and Herzegovina,Adisa Bolic
EGMO,France,Lucie Wang
EGMO,Serbia,Danica Zečević
EGMO,Bulgaria,Denitsa Markova
EGMO,United States,Celine Liang
EGMO,Romania - B,Lenca Iarina Cuturela
EGMO,Ukraine,Oleksandra Tumak
EGMO,Bosnia and Herzegovina,Neira Kurtović
EGMO,Israel,Maya Naveh
EGMO,Türkiye,Ayşe Pelin Özcan
EGMO,Romania,Raluca Cobzaru
EGMO,Switzerland,Stefanie Zbinden
EGMO,Belarus,Lizaveta Manzhulina
EGMO,Netherlands,Mieke Wessel
EGMO,Ireland,Anna Mustata
EGMO,Poland,Marta Mościcka
EGMO,Bulgaria,Mariya Delyakova
EGMO,Poland,Bogna Pawlus
EGMO,Russia,Aleksandra Sonina
EGMO,Bosnia and Herzegovina,Tijana Babić
EGMO,Moldova,Otilia Don
EGMO,Poland,Wiktoria Kośny
EGMO,Romania - B,Doina Chiroiu
EGMO,Spain,Berta Garcia
EGMO,France,Linda Gutsche
EGMO,Georgia,Elene Karangozishvili
EGMO,Israel,Shira Ben Dor
EGMO,Italy,Maria Chiara Ricciuti
EGMO,Mexico,Alka Xavier Earathu
EGMO,Poland,Diana Trokowska
EGMO,Romania,Ioana Alexandra Teodorescu
EGMO,Romania - B,Clara Maria Dima
EGMO,United Kingdom,Naomi Wei
EGMO,Bulgaria,Simona Kukova
EGMO,Serbia,Jana Vučković
EGMO,Türkiye,Asude Ebrar Kızıloğlu
EGMO,Belarus,Arina Goloubitskaya
EGMO,Georgia,Sophie Bregadze
EGMO,Hungary,Miléna Vankó
EGMO,India,Uma T. V. Iyer
EGMO,Lithuania,Vaiva Augustinaitė
EGMO,Netherlands,Christel van Diepen
EGMO,Belarus,Katsiaryna Kunts
EGMO,Finland,Ella Anttila
EGMO,Norway,Weronika Wrzos-Kaminska
EGMO,Romania,Andreea Dima
EGMO,Ukraine,Olga Shevchenko
EGMO,United Kingdom,Alevtina Studenikina
EGMO,United States,Demi Guo
EGMO,Bosnia and Herzegovina,Milica Babić
EGMO,Hungary,Viktória Klász
EGMO,Norway,Anna Lyubarskaja
EGMO,Saudi Arabia,Joud Saleh
EGMO,Türkiye,Cemre Çadır
EGMO,Belarus,Swetlana Shaban
EGMO,Czechia,Lenka Kopfová
EGMO,Italy,Francesca Rizzo
EGMO,Italy,Federica Zanni
EGMO,Romania,Ramona Deaconu
EGMO,United Kingdom,Tomoka Kan
EGMO,Georgia,Mariam Rogava
EGMO,Ireland,Ioana Grigoras
EGMO,Japan,Ami Isoda
EGMO,Japan,Minori Wada
EGMO,Moldova,Elvira Serțevoi
EGMO,Netherlands,Esther Steenkamer
EGMO,Romania - B,Ana Maria Radu
EGMO,Saudi Arabia,Renad Abu AL Jamal
EGMO,Japan,Haruna Sueo
EGMO,North Macedonia,Nadezhda Ilieva
EGMO,Albania,Ana Peçini
EGMO,Cyprus,Anna Economou
EGMO,India,Haimoshri Das
EGMO,Serbia,Katarina Nikolić
EGMO,Switzerland,Ivana Klasovita
EGMO,Slovenia,Klara Drofenik
EGMO,Hungary,Hanna Gál
EGMO,Italy,Linda Friso
EGMO,Belgium,Pauline Bessemans
EGMO,Georgia,Gvantsa Tsutskhashvili
EGMO,Mexico,Marcela Cruz-Larios
EGMO,Mexico,Jacqueline Lira-Chávez
EGMO,Slovenia,Doris Keršič
EGMO,Slovenia,Eva Seme
EGMO,Ukraine,Yuliia Zdanovska
EGMO,Albania,Fjona Parllaku
EGMO,Czechia,Zuzana Procházková
EGMO,France,Eve Mattatia
EGMO,Ireland,Toni Aidong Huang
EGMO,Moldova,Sabina Tontici
EGMO,Switzerland,Viera Klasovita
EGMO,Cyprus,Maria Olymbia Tsianni
EGMO,Czechia,Klára Karasová
EGMO,Czechia,Hedvika Ranošová
EGMO,Ecuador,Angela Bastidas
EGMO,Lithuania,Leticija Dubickaitė
EGMO,Lithuania,Aistė Grušnytė
EGMO,North Macedonia,Sanja Simonovikj
EGMO,North Macedonia,Tea Stoilkovska
EGMO,North Macedonia,Tamara Mitrovska
EGMO,Netherlands,Aimée Jacobs
EGMO,Norway,Anna Margrete Sletsjøe
EGMO,Slovenia,Maša Smajila
EGMO,Azerbaijan,Nazrin Farziyeva
EGMO,Azerbaijan,Rena Aliyeva
EGMO,Azerbaijan,Javahir Abbasova
EGMO,Belgium,Mary-Lou Perrier D'Hauterive
EGMO,Cyprus,Ariadni Assou
EGMO,Cyprus,Evgenia Ilia
EGMO,Ecuador,Valerie Bustos
EGMO,Ecuador,Ana Paula Indacochea
EGMO,Ecuador,Lissette Maingón
EGMO,Ireland,Katie Louise O'Connor
EGMO,Lithuania,Adriana Otilija Vilkaitė
EGMO,Serbia,Staša Kostić
EGMO,Switzerland,Yunshu Ouyang
EGMO,Belgium,Charlotte Léonard
EGMO,Spain,Lucía Mallo
EGMO,France,Julia Mosseri
EGMO,Luxembourg,Luana Capus
EGMO,Latvia,Noreta Nordena
EGMO,Latvia,Gerda Grase
EGMO,Latvia,Elīza Gaile
EGMO,Moldova,Tamara Tataru
EGMO,Saudi Arabia,Razan Alghamdi
EGMO,Albania,Laura Sheshi
EGMO,Albania,Liana Shpani
EGMO,Luxembourg,Lea Menasce
EGMO,Azerbaijan,Sayalı Mammadova
EGMO,Belgium,Ambre De Herde
EGMO,Spain,Victoria Arenas
EGMO,Spain,Lucía de Fang Ma Li
EGMO,Latvia,Ieva Pakalna
EGMO,Norway,Yuting (Samanda) Hu
EGMO,Ukraine,Olga Shevchenko
EGMO,United States,Qi Qi
EGMO,United Kingdom,Rosie Cates
EGMO,Russia,Isabella Tolokno
EGMO,Kazakhstan,Aruzhan Amanbayeva
EGMO,Ukraine,Alina Harbuzova
EGMO,Hungary,Zsuzsanna Baran
EGMO,Russia,Maria Dmitrieva
EGMO,United States,Angela Deng
EGMO,United States,Siye Zhu
EGMO,Serbia,Jelena Ivančić
EGMO,Saudi Arabia,Shaden Alshammari
EGMO,United States,Wanlin Li
EGMO,Bosnia and Herzegovina,Tijana Babić
EGMO,Hungary,Orsolya Lili Janzer
EGMO,France,Aline Cahuzac
EGMO,Russia,Kamilya Mukhametshina
EGMO,Israel,Maya Naveh
EGMO,Israel,Shira Ben Dor
EGMO,Israel,Yarden Modai
EGMO,Bosnia and Herzegovina,Adisa Bolic
EGMO,Kazakhstan,Alua Shyntay
EGMO,Netherlands,Christel van Diepen
EGMO,Czechia,Lenka Kopfová
EGMO,Poland,Katarzyna Kępińska
EGMO,Ukraine,Alina Yan
EGMO,Romania,Ioana Alexandra Teodorescu
EGMO,Romania,Lenca Iarina Cuturela
EGMO,Russia,Ekaterina Bogdanova
EGMO,Serbia,Jana Vučković
EGMO,Ukraine,Yuliia Zdanovska
EGMO,Ireland,Anna Mustata
EGMO,Mexico,Ana Paula Jiménez Díaz
EGMO,Romania,Alexandra Timofte
EGMO,Serbia,Irina Đanković
EGMO,Türkiye,Burcu Yıldız
EGMO,Hungary,Anna Kerekes
EGMO,Italy,Francesca Rizzo
EGMO,Poland,Aleksandra Cynk
EGMO,Poland,Barbara Zięba
EGMO,Hungary,Angelika Andó
EGMO,Poland,Bogna Pawlus
EGMO,Saudi Arabia,Joud Saleh
EGMO,Ireland,Toni Aidong Huang
EGMO,Romania,Ramona Deaconu
EGMO,Saudi Arabia,Renad Abu AL Jamal
EGMO,Lithuania,Neringa Levinskaitė
EGMO,Moldova,Otilia Don
EGMO,Mexico,Nuria Sydykova
EGMO,Belarus,Arina Goloubitskaya
EGMO,Belarus,Hanna Beleshava
EGMO,Czechia,Veronika Hladíková
EGMO,Netherlands,Esther Steenkamer
EGMO,Serbia,Danica Zečević
EGMO,Switzerland,Ivana Klasovita
EGMO,Türkiye,Aybeniz Yağmur Temirtaş
EGMO,United Kingdom,Naomi Wei
EGMO,Georgia,Sophie Bregadze
EGMO,Italy,Veronica Sacchi
EGMO,Japan,Yuka Watabe
EGMO,Mexico,Cristina Sotomayor
EGMO,Brazil,Mariana Groff
EGMO,France,Héloïse Gachet
EGMO,France,Linda Gutsche
EGMO,France,Cindy Hua
EGMO,Mexico,Marcela Cruz-Larios
EGMO,Slovenia,Ana Meta Dolinar
EGMO,Belarus,Yuliya Kurylenka
EGMO,Georgia,Mariam Rogava
EGMO,Lithuania,Ieva Elija Jucevičiūtė
EGMO,United Kingdom,Melissa Quail
EGMO,United Kingdom,Alevtina Studenikina
EGMO,Bulgaria,Irina Sofronova
EGMO,Brazil,Jamille Rebouças
EGMO,Japan,Yuna Usami
EGMO,Norway,Anna Lyubarskaja
EGMO,Switzerland - B,Yuxi Zheng
EGMO,Bulgaria,Lyuba Konova
EGMO,Bulgaria,Simona Kukova
EGMO,Belarus,Katsiaryna Maroz
EGMO,India,Archi De
EGMO,Italy,Maria Chiara Ricciuti
EGMO,Japan,Minori Wada
EGMO,Japan,Shiori Yamashita
EGMO,Kazakhstan,Aruzhan Sabyrbek
EGMO,Switzerland - B,Nathalie Bäbler
EGMO,Bosnia and Herzegovina,Elma Nuhanović
EGMO,Brazil,Julia Saltiel
EGMO,Czechia,Jana Pallová
EGMO,Georgia,Salome Papiashvili
EGMO,India,Haimoshri Das
EGMO,Ireland,Jean O'Brien
EGMO,Kazakhstan,Azhar Smagulova
EGMO,Lithuania,Aistė Grušnytė
EGMO,Türkiye,İrem Yaşar
EGMO,Albania,Aleksia Kolo
EGMO,Belgium,Marie Peeters
EGMO,Bulgaria,Zlatina Mileva
EGMO,Spain,Lucía Mallo
EGMO,Georgia,Tamar Korkotashvili
EGMO,Israel,Dana Zeidman
EGMO,Liechtenstein,Nicole Ospelt
EGMO,Moldova,Sabina Tontici
EGMO,Saudi Arabia,Manar Kurdi
EGMO,Switzerland,Yunshu Ouyang
EGMO,Slovenia,Klara Drofenik
EGMO,Tunisia,Molka Ben Marzouk
EGMO,Albania,Romelda Blacëri
EGMO,Azerbaijan,Javahir Abbasova
EGMO,Azerbaijan,Nazrin Farziyeva
EGMO,Cyprus,Anna Economou
EGMO,Cyprus,Evanthia Diomidous
EGMO,Czechia,Bára Tížková
EGMO,Ecuador,Angela Bastidas
EGMO,Ecuador,Valeria Estefanía Barco
EGMO,Italy,Linda Friso
EGMO,Latvia,Ieva Pakalna
EGMO,Latvia,Agnese Upite
EGMO,North Macedonia,Tamara Mitrovska
EGMO,North Macedonia,Nadezhda Ilieva
EGMO,Netherlands,Aimée Jacobs
EGMO,Switzerland,Viera Klasovita
EGMO,Türkiye,Ülkü Nurdan Yılmaz
EGMO,Belgium,Charlotte Léonard
EGMO,Bosnia and Herzegovina,Lejla Skelić
EGMO,Cyprus,Eirini Ioannou
EGMO,Ecuador,Valerie Bustos
EGMO,Ecuador,María Gratzia Indacochea
EGMO,Moldova,Elvira Serțevoi
EGMO,North Macedonia,Martina Taneva
EGMO,Norway,Yuting (Samanda) Hu
EGMO,Tunisia,Farah Briki
EGMO,Liechtenstein,Ladina Wohlwend
EGMO,Netherlands,Anouk Eggink
EGMO,Latvia,Ruta Ozolina
EGMO,Norway,Aurora Sletnes Bjørlo
EGMO,Switzerland,Anaëlle Pfister
EGMO,Latvia,Lucija Dalbina
EGMO,Norway,Hedvig Margrete Venbakken
EGMO,Belgium,Ambre De Herde
EGMO,Costa Rica,Melissa Cai Shi
EGMO,Cyprus,Georgia Hadjipanayiotou
EGMO,Spain,Sílvia Casacuberta
EGMO,Spain,Celia Rubio
EGMO,Spain,Esther Valbuena
EGMO,Finland,Essi Vilhonen
EGMO,Liechtenstein,Annika Oehri
EGMO,Lithuania,Gabrielė Ramanauskaitė
EGMO,Switzerland - B,Kanella Georgia Minakaki
EGMO,Slovenia,Špela Polak
EGMO,Tunisia,Elaa Khachnaoui
EGMO,Albania,Seli Lulaj
EGMO,Azerbaijan,Shams Aliyeva
EGMO,Belgium,Léa Dumont
EGMO,Costa Rica,Ingrid Salazar Picado
EGMO,Ireland,Yuelin Xiong
EGMO,Luxembourg,Lea Menasce
EGMO,North Macedonia,Ljubica Filipova
EGMO,Albania,Xhoana Qosja
EGMO,Azerbaijan,Rena Aliyeva
EGMO,Brazil,Juliana Souza
EGMO,Costa Rica,Chuang Lin Wang Kong
EGMO,Costa Rica,Marianne Peña Wüst
EGMO,Luxembourg,Luana Capus
EGMO,Luxembourg,Belinda D'Hamers
EGMO,Slovenia,Ana Opalič
EGMO,Tunisia,Aya Ben Saad
EGMO,Finland,Pinja Pessi
EGMO,Serbia,Jelena Ivančić
EGMO,Ukraine,Alina Harbuzova
EGMO,United Kingdom,Emily Beatty
EGMO,United States,Catherine Wu
EGMO,United States,Wanlin Li
EGMO,Russia,Isabella Tolokno
EGMO,Poland,Aleksandra Kowalska
EGMO,Kazakhstan,Aruzhan Amanbayeva
EGMO,Japan,Yuka Watabe
EGMO,Russia,Irina Lanskikh
EGMO,Israel,Maya Naveh
EGMO,Russia,Elina Telesheva
EGMO,Lithuania,Neringa Levinskaitė
EGMO,Romania,Alexandra Timofte
EGMO,Romania,Lenca Iarina Cuturela
EGMO,Peru,Monica Martinez
EGMO,Russia,Diana Gainutdinova
EGMO,Belarus,Arina Goloubitskaya
EGMO,Hungary,Orsolya Lili Janzer
EGMO,Hungary,Anna Kerekes
EGMO,Serbia,Tamara Ponjavić
EGMO,Bosnia and Herzegovina,Tijana Babić
EGMO,Belarus,Aliaksandra Novik
EGMO,Mexico,Violeta Alitzel Martínez Escamilla
EGMO,Mexico,Marcela Cruz-Larios
EGMO,Ukraine,Kateryna Horokh
EGMO,Bulgaria,Lyuba Konova
EGMO,Mongolia,Dolgormaa Batsaikhan
EGMO,United Kingdom,Naomi Wei
EGMO,United States,Megan Joshi
EGMO,Georgia,Tamar Korkotashvili
EGMO,Georgia,Ana Onoprishvili
EGMO,Japan,Hinako Katafuchi
EGMO,Kazakhstan,Alua Shyntay
EGMO,Belarus,Yuliya Kryvitskaya
EGMO,Brazil,Ana Beatriz Studart
EGMO,Brazil,Mariana Groff
EGMO,Czechia,Lenka Kopfová
EGMO,Moldova,Otilia Don
EGMO,Peru,Gladys Alekza Salazar
EGMO,Poland,Weronika Lorenczyk
EGMO,Romania,Amina Abu Shanab
EGMO,Saudi Arabia,Joud Saleh
EGMO,Canada,Elnaz Hessami Pilehrood
EGMO,Israel,Libi Liubovich
EGMO,Australia,Grace Sien He
EGMO,France,Léonie Kittel
EGMO,France,Anna Luchnikov
EGMO,Poland,Aleksandra Cynk
EGMO,Ukraine,Karyna Nechyporuk
EGMO,United Kingdom,Alevtina Studenikina
EGMO,Bulgaria,Joana Nikolova
EGMO,Mexico,Nuria Sydykova
EGMO,Mexico,Ana Paula Jiménez Díaz
EGMO,Netherlands,Gabriëlle Zwaneveld
EGMO,Saudi Arabia,Thnaa Alhydary
EGMO,Austria,Veronika Schreitter
EGMO,Hungary,Miléna Vankó
EGMO,Mongolia,Purevzaya Amarzaya
EGMO,Serbia,Irina Đanković
EGMO,Türkiye,İrem Nur Çevikcan
EGMO,Belgium,Marie Peeters
EGMO,Ecuador,Ana Paula Indacochea
EGMO,Germany,Kerrin Bielser
EGMO,Greece,Eirini Miliori
EGMO,Hungary,Anett Kocsis
EGMO,Poland,Jadwiga Czyżewska
EGMO,Tunisia,Farah Briki
EGMO,Australia,Xinyue Alice Zhang
EGMO,Australia,Tianyue Zheng
EGMO,Bulgaria,Simona Kukova
EGMO,Canada,Anna Krokhine
EGMO,Japan,Yurika Ueshiba
EGMO,North Macedonia,Nadezhda Ilieva
EGMO,Netherlands,Anouk Eggink
EGMO,Bosnia and Herzegovina,Nevena Radešić
EGMO,Kazakhstan,Assel Katayeva
EGMO,Norway,Anna Lyubarskaja
EGMO,United Kingdom,Melissa Quail
EGMO,Brazil,Mariana Oliveira
EGMO,Brazil,Débora Yamato
EGMO,Czechia,Magdaléna Mišinová
EGMO,Ecuador,María Gratzia Indacochea
EGMO,India,Haimoshri Das
EGMO,Italy,Linda Friso
EGMO,Moldova,Sabina Tontici
EGMO,Saudi Arabia,Renad Abu AL Jamal
EGMO,Switzerland,Yunshu Ouyang
EGMO,Türkiye,Aybeniz Yağmur Temirtaş
EGMO,United States,Emily Wen
EGMO,Bosnia and Herzegovina,Milica Đokić
EGMO,Spain,Miriam Lorenzo Laguno
EGMO,India,Urshita Pal
EGMO,Italy,Maria Bevilacqua
EGMO,Italy,Maria Chiara Ricciuti
EGMO,Lithuania,Ieva Elija Jucevičiūtė
EGMO,Mongolia,Nursaulye Bakhyt
EGMO,Netherlands,Christel van Diepen
EGMO,Switzerland,Yanta Wang
EGMO,Türkiye,Asude Ebrar Kızıloğlu
EGMO,Canada,Jingzhi Liang
EGMO,France,Laureline Legros
EGMO,France,Olivine Silier
EGMO,Italy,Giorgia Benassi
EGMO,Lithuania,Julija Paliulionytė
EGMO,Latvia,Anete Valnere
EGMO,Mongolia,Itgel Delgerdalai
EGMO,Slovenia,Ana Meta Dolinar
EGMO,Albania,Aleksia Kolo
EGMO,Bulgaria,Assel Ismoldayeva
EGMO,Belarus,Katsiaryna Maroz
EGMO,Canada,Karen Situ
EGMO,Kazakhstan,Akmaral Jakibayeva
EGMO,Liechtenstein,Nicole Ospelt
EGMO,Latvia,Ruta Ozolina
EGMO,Latvia,Estere Šverna
EGMO,Bosnia and Herzegovina,Lejla Skelić
EGMO,Ecuador,Valerie Bustos
EGMO,Germany,Annegret Seibt
EGMO,Lithuania,Ugnė Alaburdaitė
EGMO,North Macedonia,Anastasija Tortevska
EGMO,Peru,Carla Fermin
EGMO,Albania,Megi Reka
EGMO,Australia,Yifan Guo
EGMO,Cyprus,Evanthia Diomidous
EGMO,Italy - B,Sabrina Botticchio
EGMO,Japan,Yuka Kuwahara
EGMO,Norway,Hedvig Margrete Venbakken
EGMO,Türkiye,İrem Yaşar
EGMO,Cyprus,Eirini Ioannou
EGMO,Czechia,Lucie Kundratová
EGMO,Spain,Sílvia Casacuberta
EGMO,Germany,Carmen Brannath
EGMO,Israel,Yael Gliksman
EGMO,Moldova,Rusanda Guzun
EGMO,North Macedonia,Tamara Mitrovska
EGMO,Netherlands,Floor Beks
EGMO,Tunisia,Molka Ben Marzouk
EGMO,Belgium,Soline Casavecchia
EGMO,Czechia,Jana Pallová
EGMO,Ireland,Laura Cosgrave
EGMO,Serbia,Nina Matić
EGMO,Switzerland,Sarina Franziska Müller
EGMO,Slovenia,Ana Opalič
EGMO,Slovenia,Špela Polak
EGMO,Ukraine,Anastasiia Rudenko
EGMO,Albania,Seli Lulaj
EGMO,Belgium,Jueun Kim
EGMO,Finland,Essi Vilhonen
EGMO,Georgia,Mzia Abzhandadze
EGMO,Greece,Maria Angelika - Nikita
EGMO,Ireland,JuHyun Ahn
EGMO,Ireland,Tianyiwa Xie
EGMO,Ireland,Yixin Huang
EGMO,Israel,Maya Kleinstein
EGMO,Latvia,Agnese Upite
EGMO,Romania,Ana-Teodora Bercaru
EGMO,Switzerland,Anaëlle Pfister
EGMO,Albania,Dhespina Pecini
EGMO,Azerbaijan,Javahir Abbasova
EGMO,Spain,Sara Sendarrubias Arias-Camisón
EGMO,Finland,Nerissa Shakespeare
EGMO,Luxembourg,Lea Menasce
EGMO,Slovenia,Tea Jeličić
EGMO,Austria,Nadja Vohradsky
EGMO,Belgium,Thelma Lambert
EGMO,Saudi Arabia,Ghadeer Daghistani
EGMO,Tunisia,Aya Ben Saad
EGMO,Austria,Stefanie Rauch
EGMO,Costa Rica,Ingrid Salazar Picado
EGMO,Cyprus,Georgia Orphanidou
EGMO,Spain,Marta Fuentes Zamoro
EGMO,Germany,Katharina Albert
EGMO,Greece,Sofia Kollia
EGMO,Costa Rica,Marianne Peña Wüst
EGMO,Georgia,Tinatin Kokoshvili
EGMO,Azerbaijan,Zahra Bayramli
EGMO,Azerbaijan,Shams Aliyeva
EGMO,Costa Rica,Maricruz Vásquez Sandí
EGMO,Costa Rica,Lucía María Jiménez Abarca
EGMO,Moldova,Sanda-Maria Ciobanu
EGMO,Azerbaijan,Fidan Babayeva
EGMO,Bolivia,Hyandira Helen Ventura Cruz
EGMO,Bolivia,Mariana Galvarro
EGMO,Ecuador,Valeria Estefanía Barco
EGMO,Tunisia,Ela Ben Saad
EGMO,Cyprus,Evelina Orfanidou
EGMO,Finland,Milja Krés
EGMO,Finland,Veera Nurmela
EGMO,Greece,Afroditi - Iliana Zotou
EGMO,Peru,Nixa Sanchez
EGMO,Bolivia,Lucero Andrea De La Torre Ugarte Diaz De Oropeza
EGMO,Luxembourg,Angelina Kysil
EGMO,Norway,Haldis Tuva Tolås Boge
EGMO,Norway,Mille Jordal Aase
EGMO,Serbia,Jelena Ivančić
EGMO,United States,Emma Qin
EGMO,Hungary,Anna Kerekes
EGMO,Poland,Justyna Jaworska
EGMO,Bulgaria,Mihaela Gledacheva
EGMO,Romania,Alexandra Timofte
EGMO,Ukraine,Karyna Nechyporuk
EGMO,Czechia,Magdaléna Mišinová
EGMO,Mexico,Ana Paula Jiménez Díaz
EGMO,Poland,Katarzyna Kępińska
EGMO,Ukraine,Vlada Petrusenko
EGMO,United Kingdom,Yuka Machino
EGMO,United States,Ishika Shah
EGMO,Brazil,Mariana Groff
EGMO,Ukraine,Kateryna Horokh
EGMO,United States,Catherine Wu
EGMO,Georgia,Ana Onoprishvili
EGMO,Peru,Carla Fermin
EGMO,Slovakia,Lucia Krajčoviechová
EGMO,France,Anna Luchnikov
EGMO,Lithuania,Julija Paliulionytė
EGMO,Latvia,Anete Valnere
EGMO,Peru,Monica Martinez
EGMO,Australia,Evgeniya Artemova
EGMO,Georgia,Tamar Korkotashvili
EGMO,Australia,Grace Sien He
EGMO,Belarus,Palina Chernikava
EGMO,France,Léonie Kittel
EGMO,Japan,Yurika Ueshiba
EGMO,Peru,Gladys Alekza Salazar
EGMO,Bulgaria,Lyuba Konova
EGMO,Bulgaria,Margarita Stefanova
EGMO,Bulgaria,Marina Boyadzhieva
EGMO,Bosnia and Herzegovina,Naida Purišević
EGMO,Hungary,Janka Hámori
EGMO,Mexico,Nuria Sydykova
EGMO,Poland,Jagoda Bracha
EGMO,Serbia,Tamara Ponjavić
EGMO,United States,Janabel Xia
EGMO,Bosnia and Herzegovina,Lejla Skelić
EGMO,Lithuania,Alina Paliulionytė
EGMO,United Kingdom,Naomi Bazlov
EGMO,United Kingdom,Yihua Luo
EGMO,Kazakhstan,Assel Katayeva
EGMO,Romania,Diana Țolu
EGMO,Türkiye,Asude Ebrar Kızıloğlu
EGMO,Belarus,Aliaksandra Novik
EGMO,India,Rohinee Joshi
EGMO,Mexico,Karla Rebeca Munguía Romero
EGMO,Netherlands,Floor Beks
EGMO,Romania,Amina Abu Shanab
EGMO,Saudi Arabia,Ghadeer Daghistani
EGMO,Slovenia,Tea Jeličić
EGMO,Türkiye,Sude Filiz
EGMO,United Kingdom,Sarah Gleghorn
EGMO,Georgia,Mariam Ivardava
EGMO,Albania,Aleksia Kolo
EGMO,Bosnia and Herzegovina,Esma Mašić
EGMO,Brazil,Maria Clara de Lacerda Werneck
EGMO,Canada,Anna Krokhine
EGMO,France,Enora Pétry
EGMO,Greece,Eirini Miliori
EGMO,India,Vempalli Sai Keerthana
EGMO,Japan,Yuka Kuwahara
EGMO,Kazakhstan,Bibigul Konkayeva
EGMO,Kazakhstan,Aruzhan Sabyrbek
EGMO,Romania,Ioana Popescu
EGMO,Saudi Arabia,Thnaa Alhydary
EGMO,Slovakia,Štefánia Glevitzká
EGMO,Türkiye,İrem Nur Çevikcan
EGMO,Austria,Nina Mitrovic
EGMO,Canada,Elaine Liu
EGMO,Cyprus,Eirini Ioannou
EGMO,Hungary,Anett Kocsis
EGMO,Hungary,Anna Mészáros
EGMO,India,Anushka Aggarwal
EGMO,Italy,Sabrina Botticchio
EGMO,Italy,Anna Ulivi
EGMO,Japan,Haruka Watanabe
EGMO,Moldova,Vlada Gherciu
EGMO,North Macedonia,Mihaela Hadjiska
EGMO,Netherlands,Hanne Snijders
EGMO,Serbia,Milica Vugdelić
EGMO,Slovenia,Ana Meta Dolinar
EGMO,Germany,Esther Rimmelspacher
EGMO,Ireland,Tianyiwa Xie
EGMO,Italy,Giorgia Benassi
EGMO,Japan,Atsuko Kogachi
EGMO,Moldova,Mădălina Griza
EGMO,Slovenia,Ema Mlinar
EGMO,Ukraine - B,Marharyta Baklan
EGMO,Azerbaijan,Fidan Garayeva
EGMO,Brazil,Ana Beatriz Studart
EGMO,Greece,Artemis-Chrysanthi Savva
EGMO,Lithuania,Ugnė Milašiūnaitė
EGMO,Serbia,Maja Cvetković
EGMO,Ukraine - B,Roksolana Ivanchuk
EGMO,Ukraine - B,Olha Zhur
EGMO,Belgium,Marie Peeters
EGMO,Bosnia and Herzegovina,Nevena Radešić
EGMO,Belarus,Mariya Zacharneva
EGMO,Belarus,Hanna Blazhko
EGMO,Chile,Camila Guajardo
EGMO,Ecuador,Valeria Estefanía Barco
EGMO,Ecuador,María Gratzia Indacochea
EGMO,Germany,Hannah Boß
EGMO,Kazakhstan,Dilnaz Ualiyeva
EGMO,Moldova,Rusanda Guzun
EGMO,Moldova,Adelina Andrei
EGMO,Netherlands,Sièna van Schaick
EGMO,Switzerland,Yanta Wang
EGMO,Ukraine,Olesia Bilyk
EGMO,Australia,Vicky Feng
EGMO,Czechia,Adéla Heroudková
EGMO,Spain,Miriam Lorenzo Laguno
EGMO,Spain,Ángela Rodríguez-Izquierdo Gallardo
EGMO,Germany,Sofia Zotova
EGMO,North Macedonia,Anastasija Tortevska
EGMO,Australia,Eva Ge
EGMO,Austria,Lydia Rysavy
EGMO,Germany,Maria Matthis
EGMO,Latvia,Elizaveta Gavrilova
EGMO,Slovakia,Timea Szöllősová
EGMO,Ukraine - B,Alisa Baklan
EGMO,Austria,Stefanie Rauch
EGMO,Greece,Konstantina Rasvani
EGMO,North Macedonia,Qendresa Selimi
EGMO,Peru,Danna Vargas
EGMO,Slovakia,Viktória Brezinová
EGMO,Austria,Maria Hammer
EGMO,Chile,Fernanda Gutiérrez
EGMO,Czechia,Michaela Svatošová
EGMO,Denmark,Kamma Dyhr
EGMO,Ireland,Laura Cosgrave
EGMO,Mexico,Nathalia del Carmen Jasso Vera
EGMO,Slovenia,Špela Polak
EGMO,Belgium,Marie Determe
EGMO,Canada,Katherine Forbes
EGMO,Canada,Zixian Wei
EGMO,Czechia,Adéla Karolína Žáčková
EGMO,Denmark,Ida Agerlin Kähler
EGMO,Israel,Sophia Kurbatova
EGMO,Israel,Nicole Grosman
EGMO,Italy,Irene Maniglia
EGMO,Latvia,Leonora Fiļa
EGMO,Poland,Maria Wysogląd
EGMO,Switzerland,Julia Sollberger
EGMO,Türkiye,Feray Lina Yence
EGMO,Albania,Seli Lulaj
EGMO,Albania,Liljana Petova
EGMO,Azerbaijan,Shams Aliyeva
EGMO,Georgia,Keti Sulamanidze
EGMO,Luxembourg,Angelina Kysil
EGMO,Denmark,Astrid Kildelund Rosenkilde
EGMO,Norway,Hedvig Margrete Venbakken
EGMO,Costa Rica,Ingrid Salazar Picado
EGMO,Costa Rica,Floria Xin Yi Fang Zhang
EGMO,Cyprus,Georgia Hadjipanayiotou
EGMO,Finland,Nerissa Shakespeare
EGMO,France,Madison Shirazi
EGMO,Greece,Danai-Christina Avdela
EGMO,Ireland,Yixin Huang
EGMO,North Macedonia,Teodora Pecakovska
EGMO,Netherlands,Ana Maria Mekerishvili
EGMO,Saudi Arabia,Rafaa Qanash
EGMO,Switzerland,Ema Skottova
EGMO,Albania,Heidi Durrёsi
EGMO,Azerbaijan,Zahra Bayramli
EGMO,Brazil,Bruna Shoji Nakamura
EGMO,Costa Rica,Carolina Zamora Nasralah
EGMO,Costa Rica,Maricruz Vásquez Sandí
EGMO,Finland,Veera Nurmela
EGMO,Israel,Maya Kleinstein
EGMO,Switzerland,Emily Dikhoff
EGMO,Azerbaijan,Fidan Babayeva
EGMO,Denmark,Kamille Møller Frost
EGMO,Ecuador,Stephanie Vanessa Gallegos Caamaño
EGMO,Ecuador,Zhiron Cristina Wu Yuan
EGMO,Finland,Idaliina Kuusisto
EGMO,Lithuania,Elzė Amilevičiūtė
EGMO,Chile,Francisca Aguayo
EGMO,Spain,Paula Gazituaga García
EGMO,Finland,Hilma Tillqvist
EGMO,Luxembourg,Laëtitia Braucourt
EGMO,Latvia,Sandra Siliņa
EGMO,Saudi Arabia,Jana Alzahrani
EGMO,Belgium,Elise Taragola
EGMO,Cyprus,Myrsini Semeli Tsiarta
EGMO,Spain,Beatriz Gonzalo Carvajal
EGMO,Norway,Ine Sofie Lodsby
EGMO,Belgium,Juliette Sleurs
EGMO,Chile,Sofía Rojas
EGMO,Cyprus,Sonia Kakoulli
EGMO,Norway,Zejia He
EGMO,Norway,Lovise Sørby
EGMO,Ireland,Meilun Xu
EGMO,Romania,Amina Abu Shanab
EGMO,Russia,Rozalina Mirgalimova
EGMO,Serbia,Jelena Ivančić
EGMO,United Kingdom,Yuka Machino
EGMO,United States,Sanjana Das
EGMO,Russia,Elizaveta Neustroeva
EGMO,Czechia,Magdaléna Mišinová
EGMO,Russia,Taisiia Korotchenko
EGMO,Australia,Grace Sien He
EGMO,Poland,Justyna Jaworska
EGMO,Serbia,Irina Đanković
EGMO,Georgia,Ana Onoprishvili
EGMO,Peru,Carla Fermin
EGMO,Belarus,Palina Chernikava
EGMO,Mexico,Ana Paula Jiménez Díaz
EGMO,Romania,Alexandra Timofte
EGMO,Serbia,Milica Vugdelić
EGMO,Hungary,Janka Hámori
EGMO,Kazakhstan,Dilnaz Ualiyeva
EGMO,Bulgaria,Kalina Nikolova
EGMO,Belarus,Kseniya Shastakova
EGMO,Brazil,Maria Clara de Lacerda Werneck
EGMO,Georgia,Tamar Korkotashvili
EGMO,United States,Christine Yang
EGMO,Israel,Nogah Friedman
EGMO,Mexico,Ana Illanes Martínez de la Vega
EGMO,United Kingdom,Naomi Bazlov
EGMO,United States,Ashley Ke
EGMO,Bulgaria,Margarita Stefanova
EGMO,Bosnia and Herzegovina,Naida Purišević
EGMO,Canada,Jennifer Wang
EGMO,Kazakhstan,Togzhan Shyntay
EGMO,Mexico,Karla Rebeca Munguía Romero
EGMO,Romania,Diana Țolu
EGMO,Russia,Ralina Iusupova
EGMO,Serbia,Milja Jovanović
EGMO,Türkiye,Kerime Nur Kavadar
EGMO,Australia,Claire Huang
EGMO,Poland,Iga Janik
EGMO,Slovakia,Timea Szöllősová
EGMO,Ukraine,Yana Kolodach
EGMO,Belarus,Yuliya Zhautouskaya
EGMO,Chile,Fernanda Gutiérrez
EGMO,France,Suzanne Mairesse
EGMO,Germany,Maria Matthis
EGMO,Hungary,Nóra Zoé Velich
EGMO,Türkiye,Zeynep Taşevli
EGMO,Ukraine,Yelyzaveta Horokh
EGMO,United States,Elizabeth Ke
EGMO,Brazil,Ana Beatriz Studart
EGMO,Spain,Joana Pech Alberich
EGMO,France,Anna Luchnikov
EGMO,North Macedonia,Jasna Ilieva
EGMO,Peru,Flor Luna
EGMO,Saudi Arabia,Thnaa Alhydary
EGMO,United Kingdom,Sarah Gleghorn
EGMO,Croatia,Ida Kolmanić
EGMO,Italy,Sabrina Botticchio
EGMO,Kazakhstan,Bibigul Konkayeva
EGMO,Switzerland,Yanta Wang
EGMO,Ukraine,Yuliia Tatarinova
EGMO,France,Elsa Lubek
EGMO,Hungary,Anett Kocsis
EGMO,India,Anushka Aggarwal
EGMO,Italy,Daria Pasqualetti
EGMO,Poland,Julia Filip
EGMO,Romania,Lucia Rîșnoveanu
EGMO,Azerbaijan,Fidan Garayeva
EGMO,Bulgaria,Desislava Nikolova
EGMO,Bulgaria,Mihaela Gledacheva
EGMO,Brazil,Carolina Moura Valle Costa
EGMO,Croatia,Ema Borevković
EGMO,Ireland,Tianyiwa Xie
EGMO,Kosovo,Era Syla
EGMO,Netherlands,Hanne Snijders
EGMO,Switzerland,Ema Skottova
EGMO,Azerbaijan,Zahra Bayramli
EGMO,Bosnia and Herzegovina,Esma Mašić
EGMO,Germany,Sofia Zotova
EGMO,Indonesia,Kanaya Padma Yudewo
EGMO,Israel,Maya Kleinstein
EGMO,Latvia,Sandra Siliņa
EGMO,Poland,Alicja Pietrzak
EGMO,Saudi Arabia,Joud Bahuwayni
EGMO,Slovakia,Lucia Krajčoviechová
EGMO,Azerbaijan,Aysun Bayramli
EGMO,Canada,Anna Krokhine
EGMO,Georgia,Mariam Ivardava
EGMO,North Macedonia,Anastasija Tortevska
EGMO,North Macedonia,Hristina Mitreska
EGMO,Australia,Mikaela Gray
EGMO,Belgium,Dora Chen
EGMO,Indonesia,Gabriela Erin Mariangel
EGMO,Moldova,Mădălina Griza
EGMO,Moldova,Adelina Andrei
EGMO,Netherlands,Ana Maria Mekerishvili
EGMO,Denmark,Bodil Kondrup Vedel
EGMO,Hungary,Diep Bich Nguyen
EGMO,Israel,Nicole Grosman
EGMO,Moldova,Adelina Patlatîi
EGMO,Mexico,Nathalia del Carmen Jasso Vera
EGMO,Peru,Patricia Urtecho
EGMO,Peru,Angie Alcantara
EGMO,United Kingdom,Sarah Henderson
EGMO,Brazil,Letícia Barbieri Stroeh
EGMO,Georgia,Maria-Elena Aisha Tskhvediani
EGMO,Germany,Martha Friederich
EGMO,Germany,Xenia Nikola Wagner
EGMO,Ireland,Ellen Li
EGMO,Kazakhstan,Aruzhan Tuletbekova
EGMO,Netherlands,Kati Overbeeke
EGMO,Türkiye,Betül Akdaş
EGMO,Belgium,Marie Determe
EGMO,Bosnia and Herzegovina,Imana Alibašić
EGMO,Belarus,Maryna Horbach
EGMO,Chile,Lissette Marchandon Figueroa
EGMO,Czechia,Michaela Svatošová
EGMO,Czechia,Adéla Karolína Žáčková
EGMO,Croatia,Nika Utrobičić
EGMO,India,Apoorva Rajadhyaksha
EGMO,Italy,Irene Maniglia
EGMO,Slovakia,Tereza Škublová
EGMO,Türkiye,Özge Dilay Örüm
EGMO,Ukraine,Roksolana Ivanchuk
EGMO,Australia,Ruiying Wu
EGMO,Canada,Elaine Liu
EGMO,Costa Rica,Nicole Lipschitz Kesselman
EGMO,France,Émilie Zheng
EGMO,Croatia,Petra Kovačić
EGMO,Lithuania,Justina Vaičaitytė
EGMO,North Macedonia,Kristina Taseva
EGMO,Saudi Arabia,Rafaa Qanash
EGMO,Saudi Arabia,Lara Monagel
EGMO,Austria,Doris Obermaier
EGMO,Ecuador,Zhiron Cristina Wu Yuan
EGMO,Ireland,Laura Cosgrave
EGMO,Luxembourg,Angelina Kysil
EGMO,Netherlands - B,Allie Zong
EGMO,Switzerland,Julia Sollberger
EGMO,Switzerland,Rada Kamysheva
EGMO,Albania,Arjola Mehmeti
EGMO,Spain,Paula Esquerrà Giné
EGMO,Finland,Idaliina Kuusisto
EGMO,Indonesia,Vanneshia Swiegl Lee
EGMO,Netherlands - B,Naomi Zwaneveld
EGMO,Albania,Megi Reka
EGMO,Czechia,Adéla Heroudková
EGMO,Spain,Claudia Morales Aguilar
EGMO,Greece,Christina Karafyllia
EGMO,Slovakia,Lenka Hake
EGMO,Albania,Dhespina Pecini
EGMO,Bosnia and Herzegovina,Hana Ćatić
EGMO,Netherlands,Samantha Li
EGMO,Netherlands - B,Femke Voogt
EGMO,Costa Rica,Maricruz Vásquez Sandí
EGMO,Finland,Veera Nurmela
EGMO,Finland,Anni Tapionlinna
EGMO,Israel,Roni Hazan
EGMO,Italy,Gaia Torresani
EGMO,Luxembourg,Sasha Biryukov
EGMO,Netherlands - B,Lisa van Barneveld
EGMO,Norway,Zejia He
EGMO,Slovenia,Ana Opalič
EGMO,Austria,Lubing Ruan
EGMO,Azerbaijan,Laman Aghazada
EGMO,Denmark,Ida Sofie Goldschmidt
EGMO,Ecuador,Stephanie Vanessa Gallegos Caamaño
EGMO,Finland,Ulrika Kaara
EGMO,Kosovo,Anesë Gashi
EGMO,Latvia,Anna Mikulevica
EGMO,Moldova,Rusanda Guzun
EGMO,Austria,Anna Lenz
EGMO,Belgium,Camille Coppieters
EGMO,Cyprus,Christiana Kosta
EGMO,Cyprus,Kyriaki Zioga
EGMO,Greece,Styliani Pavlidou
EGMO,Ireland,Meilun Xu
EGMO,Lithuania,Elzė Amilevičiūtė
EGMO,Lithuania,Greta Duko
EGMO,Norway,Pratibha Thakur
EGMO,Slovenia,Katarina Grilj
EGMO,Canada,Amelie Zhou
EGMO,Costa Rica,Kristel Acuña García
EGMO,Cyprus,Semeli Ergatoudi
EGMO,Denmark,Kamille Møller Frost
EGMO,Ecuador,Natasha Fernanda Valarezo Oyola
EGMO,Ecuador,Susana Noemi Guastay Morocho
EGMO,Spain,Teresa Marín Marín
EGMO,Greece,Konstantina Alexandridou
EGMO,Greece,Maria Athanasiou
EGMO,Lithuania,Neda Narmontaitė
EGMO,Latvia,Paula Greitane
EGMO,Latvia,Liva Olina
EGMO,Slovenia,Neža Vipavc
EGMO,Albania,Dea Myshketa
EGMO,Belgium,Camille Laloux
EGMO,Costa Rica,Susana Jiménez Valverde
EGMO,Cyprus,Rodoula Karyou
EGMO,Kosovo,Yllka Gashi
EGMO,Kosovo,Rinesa Hamiti
EGMO,Luxembourg,Laëtitia Braucourt
EGMO,Norway,Vedrana Barisic
EGMO,Norway,Aleksandra Jach
EGMO,Slovenia,Lana Prijon
EGMO,Russia,Ralina Iusupova
EGMO,Russia,Rozalina Mirgalimova
EGMO,Russia,Anna Piatkova
EGMO,Russia,Taisiia Korotchenko
EGMO,United States,Yunseo Choi
EGMO,United States,Sanjana Das
EGMO,United States,Jessica Wan
EGMO,United States,Serena An
EGMO,Israel,Nogah Friedman
EGMO,Romania,Ioana Popescu
EGMO,United Kingdom,Yuka Machino
EGMO,Peru,Dariam Caparachin
EGMO,Peru,Flor Luna
EGMO,United Kingdom,Jenni Voon
EGMO,Belarus,Kseniya Shastakova
EGMO,Romania,Diana Țolu
EGMO,Australia,Ruiying Wu
EGMO,Mexico,Ana Illanes Martínez de la Vega
EGMO,Peru,Carla Fermin
EGMO,Canada,Kaylee Ji
EGMO,Georgia,Ana Onoprishvili
EGMO,Mexico,Karla Rebeca Munguía Romero
EGMO,Romania,Lucia Rîșnoveanu
EGMO,Hungary,Nóra Zoé Velich
EGMO,Moldova,Adelina Andrei
EGMO,North Macedonia,Marija Atanasova
EGMO,Serbia,Milica Vugdelić
EGMO,Hungary,Janka Hámori
EGMO,Germany,Réka Amélie Wagener
EGMO,Switzerland,Yanta Wang
EGMO,Ukraine,Roksolana Ivanchuk
EGMO,Kazakhstan,Dilnaz Ualiyeva
EGMO,Poland,Julia Filip
EGMO,Saudi Arabia,Rafaa Qanash
EGMO,Bosnia and Herzegovina,Naida Purišević
EGMO,Peru,Angie Alcantara
EGMO,Ukraine,Karolina Susol
EGMO,Bosnia and Herzegovina,Esma Mašić
EGMO,Canada,Jennifer Wang
EGMO,Poland,Gabriela Pietras
EGMO,United Kingdom,Eleanor Macgillivray
EGMO,Belgium,Dora Chen
EGMO,Belgium,Marie Determe
EGMO,Bangladesh,Nujhat Ahmed Disha
EGMO,Bosnia and Herzegovina,Emira Ibrahimović
EGMO,Belarus,Milanna Pahasian
EGMO,Costa Rica,Kristel Acuña García
EGMO,Germany,Cara de Bruyn
EGMO,Kosovo,Era Syla
EGMO,Slovakia,Eliška Macáková
EGMO,Croatia,Ema Borevković
EGMO,India,Ananya Rajas Ranade
EGMO,Israel,Yaara Schulman
EGMO,North Macedonia,Jasna Ilieva
EGMO,Slovakia,Alica Dományová
EGMO,Türkiye,Zeynep Ebrar Karadeniz
EGMO,Ukraine,Yelyzaveta Horokh
EGMO,Austria,Doris Obermaier
EGMO,Bulgaria,Margarita Stefanova
EGMO,Belarus,Maryna Horbach
EGMO,Czechia,Klára Pernicová
EGMO,Netherlands,Allie Zong
EGMO,Poland,Justyna Palikowska
EGMO,Türkiye,Zeynep Taşevli
EGMO,Australia,Elizabeth Yevdokimov
EGMO,Azerbaijan,Fidan Garayeva
EGMO,Bulgaria,Maria Drencheva
EGMO,Bulgaria,Mihaela Gledacheva
EGMO,Brazil,Gabriella Santana Morgado
EGMO,North Macedonia,Emilija Nikolovska
EGMO,Switzerland,Ema Skottova
EGMO,Slovakia,Tereza Škublová
EGMO,Australia,Mikaela Gray
EGMO,France,Maryam Kouhkan
EGMO,Japan,Mika Yamanouchi
EGMO,Mexico,Alexandra Valdepeñas Ramírez
EGMO,Mexico,Samantha Ruelas Valtierra
EGMO,Romania,Ana-Maria-Iulia Bogdan
EGMO,Ukraine,Sofia Ryabchun
EGMO,United Kingdom,Aanya Goyal
EGMO,Brazil,Letícia Barbieri Stroeh
EGMO,Czechia,Adéla Heroudková
EGMO,Kyrgyzstan,Elnura Anarbai kyzy
EGMO,Saudi Arabia,Fatimeh Alghannam
EGMO,Slovenia,Katarina Grilj
EGMO,Tunisia,Yasmine Alaya
EGMO,Türkiye,Betül Akdaş
EGMO,Türkiye,Ayşe Zehra Şen
EGMO,Czechia,Adéla Karolína Žáčková
EGMO,France,Hannah Faucheu
EGMO,Hungary,Diep Bich Nguyen
EGMO,Italy,Daria Pasqualetti
EGMO,Japan,Yurika Yasuda
EGMO,Saudi Arabia,Joud Bahuwayni
EGMO,Saudi Arabia,Lara Monagel
EGMO,Serbia,Sara Dragutinović
EGMO,Bangladesh,Rayan Bintay Mostafa
EGMO,Bosnia and Herzegovina,Asja Ćatić
EGMO,Brazil,Bruna Shoji Nakamura
EGMO,Czechia,Vendula Onderková
EGMO,France,Amélie Triqueneaux
EGMO,Germany,Olesia Gaiduk
EGMO,Croatia,Stella Čolo
EGMO,Hungary,Johanna Győrffy
EGMO,Japan,Aya Nagao
EGMO,Kazakhstan,Akerke Nurakhmetova
EGMO,Serbia,Nevena Stojković
EGMO,Serbia,Milja Jovanović
EGMO,Tajikistan,Farahnoz Normurodzoda
EGMO,Azerbaijan,Laman Aghazada
EGMO,Bulgaria,Kalina Nikolova
EGMO,Belarus,Hanna Blazhko
EGMO,Georgia - B,Nia Tatrishvili
EGMO,Georgia - B,Tamari Peikrishvili
EGMO,India,Aditi Muthkhod
EGMO,Luxembourg,Angelina Kysil
EGMO,Moldova,Adelina Patlatîi
EGMO,Tajikistan,Anisa Burieva
EGMO,Brazil,Laís Nuto Rossman
EGMO,Costa Rica,Nicole Lipschitz Kesselman
EGMO,Israel,Nicole Grosman
EGMO,Austria,Melanie Mattersberger
EGMO,Finland,Veera Nurmela
EGMO,Georgia,Mariam Ivardava
EGMO,Israel,Tamar Peer
EGMO,Italy,Francesca Busato
EGMO,Italy,Elena Ghilardi
EGMO,Kazakhstan,Aizhan Kenzhebayeva
EGMO,Latvia,Milana Komisarova
EGMO,Moldova,Mădălina Griza
EGMO,North Macedonia,Ivona Zikova
EGMO,Australia,Eva Ge
EGMO,Latvia,Anna Frolova
EGMO,Albania,Megi Reka
EGMO,Bangladesh,Arifa Alam
EGMO,Canada,Allison Tsypin
EGMO,Cyprus,Semeli Ergatoudi
EGMO,Cyprus,Danae Makridou
EGMO,Finland,Aino Aulanko
EGMO,Finland,Tianyue Sun
EGMO,Germany,Marie Mattutat
EGMO,Ireland,Ellen Li
EGMO,Italy,Cecilia Moriggi
EGMO,Luxembourg,Sasha Biryukov
EGMO,Latvia,Jana Voiciša
EGMO,Netherlands,Samantha Li
EGMO,Netherlands,Naomi Zwaneveld
EGMO,Norway,Zejia He
EGMO,Azerbaijan,Aysun Bayramli
EGMO,Belgium,Camille Laloux
EGMO,Cyprus,Georgia Timotheou
EGMO,Denmark,Bodil Kondrup Vedel
EGMO,Denmark,Liv Rosenlund Krohn
EGMO,Ecuador,Zhiron Cristina Wu Yuan
EGMO,Spain,Paula Esquerrà Giné
EGMO,Spain,Jimena Lorenzo Simón
EGMO,Croatia,Lara Semeš
EGMO,Ireland,Eilis OHalloran
EGMO,Kazakhstan,Merey Temirzinova
EGMO,Kosovo,Vesa Vishaj
EGMO,Latvia,Liva Olina
EGMO,Moldova,Ana-Maria Izbaș
EGMO,Netherlands,Maud van Bokhoven
EGMO,Switzerland,Emily Dikhoff
EGMO,Slovenia,Lana Prijon
EGMO,Slovenia,Kaja Rajter
EGMO,Azerbaijan,Fidan Jafarli
EGMO,Belgium,Camille Coppieters
EGMO,Bangladesh,Safa Tasnim
EGMO,Canada,Yifan Tang
EGMO,Denmark,Edith Bille Gørtz
EGMO,Finland,Anni Tapionlinna
EGMO,France,Fangyu Xue
EGMO,Georgia,Kesaria Chelidze
EGMO,Georgia,Maria-Elena Aisha Tskhvediani
EGMO,Georgia - B,Lizi Kutchava
EGMO,Georgia - B,Elene Kalinichenko
EGMO,Croatia,Leonarda Pribanić
EGMO,Ireland,Xiaoping Lang
EGMO,Ireland,Ashling McCarthy
EGMO,Japan,Kana Okazaki
EGMO,Kyrgyzstan,Alina Myrsabekova
EGMO,Kyrgyzstan,Karinakhon Ishankulova
EGMO,Kyrgyzstan,Victoriia Davydova
EGMO,Kosovo,Rinesë Morina
EGMO,Kosovo,Rinesa Hamiti
EGMO,Norway,Camilla Alberg
EGMO,Poland,Alicja Abramczuk
EGMO,Switzerland,Evelyn Ebneter
EGMO,Slovakia,Lenka Hake
EGMO,Slovenia,Tjaša Sušnik
EGMO,Albania,Sabrina Alushi
EGMO,Albania,Dajana Dokaj
EGMO,Albania,Nijada Kacmoli
EGMO,Bolivia,Alejandra Melody Flores Poma
EGMO,Bolivia,Mari Linda Eulate Peña
EGMO,Bolivia,Camila Rosario Antonio Villarroel
EGMO,Bolivia,Monserrat del Pilar Flores Choqueticlla
EGMO,Costa Rica,Viviana Le Roy Cáceres
EGMO,Costa Rica,Stephanie Sandoval Camacho
EGMO,Cyprus,Sophia Smyrli
EGMO,Denmark,Sofie Lindgaard Roed
EGMO,Ecuador,Natasha Fernanda Valarezo Oyola
EGMO,Ecuador,María José Indacochea Rosado
EGMO,Ecuador,María Cristina García
EGMO,Spain,Mencía Díaz de Cerio Ruiz de Lobera
EGMO,Spain,Raquel Trull Báguena
EGMO,India,Anushka Aggarwal
EGMO,India,Gunjan Aggarwal
EGMO,Norway,Pratibha Thakur
EGMO,Norway,Astrid Mysterud
EGMO,Tajikistan,Mehrona Sharopova
EGMO,Tajikistan,Amina Sadykova
EGMO,United States,Jessica Wan
EGMO,Peru,Carla Fermin
EGMO,Israel,Nogah Friedman
EGMO,United States,Isabella Zhu
EGMO,Japan,Aya Nagao
EGMO,Australia,Grace Chang Yuan
EGMO,Peru,Dariam Caparachin
EGMO,United Kingdom,Eleanor Macgillivray
EGMO,Peru,Flor Luna
EGMO,Romania,Diana Țolu
EGMO,United States,Vivian Loh
EGMO,Australia,Cloris Xu
EGMO,Hungary,Csilla Fülöp
EGMO,Ukraine,Yelyzaveta Horokh
EGMO,Australia,Eunsu Choi
EGMO,Germany,Réka Amélie Wagener
EGMO,Azerbaijan,Fidan Garayeva
EGMO,Bosnia and Herzegovina,Emira Ibrahimović
EGMO,Belarus,Milanna Pahasian
EGMO,Australia,Iris Xu
EGMO,Bulgaria,Bilyana Dimitrova
EGMO,Poland,Daniela Spurtacz
EGMO,Türkiye,İrem Gülce Yazgan
EGMO,Mexico,Ana Illanes Martínez de la Vega
EGMO,Romania,Cezara Danciu
EGMO,Türkiye,Melek Güngör
EGMO,United States,Kaylee Ji
EGMO,Bulgaria,Tsvetelina Ilieva
EGMO,Germany,Olesia Gaiduk
EGMO,Romania,Lucia Rîșnoveanu
EGMO,Ukraine,Polina Henyk
EGMO,France,Maryam Kouhkan
EGMO,Italy,Daria Pasqualetti
EGMO,Ukraine,Yevheniia Frankevych
EGMO,Bulgaria,Kalina Nikolova
EGMO,Hungary - B,Anita Kercsó-Molnár
EGMO,Italy,Elena Ghilardi
EGMO,Switzerland,Yanta Wang
EGMO,Slovakia,Eliška Macáková
EGMO,Canada,Miranda Zhao
EGMO,Hungary,Anita Dalma Páhán
EGMO,Poland,Maja Kokot
EGMO,Romania,Elisa Ipate
EGMO,Türkiye,Sena Başaran
EGMO,Belgium,Dora Chen
EGMO,Canada,Jiaqi Tang
EGMO,Croatia,Stella Čolo
EGMO,Moldova,Adelina Andrei
EGMO,Mexico,Cynthia Naely López Estrada
EGMO,Peru,Jazmin Chavarri
EGMO,Canada,Kathryn Dou
EGMO,Georgia,Tamari Peikrishvili
EGMO,Hungary - B,Dalma Somogyi
EGMO,Netherlands,Allie Zong
EGMO,Poland,Gabriela Pietras
EGMO,Bulgaria,Ivayla Radkova
EGMO,Spain,Marta Cano Cagigas
EGMO,France,Hannah Faucheu
EGMO,France,Amélie Triqueneaux
EGMO,Hungary,Gabriella Sztranyák
EGMO,India,Ananya Rajas Ranade
EGMO,India,Anushka Aggarwal
EGMO,Türkiye,Cemre Çetin
EGMO,Bosnia and Herzegovina,Naida Gavranović
EGMO,Brazil,Endy Lumy Okamura Miyashita
EGMO,Brazil,Gabriella Santana Morgado
EGMO,Canada,Yifan Tang
EGMO,Czechia,Veronika Borková
EGMO,Italy,Francesca Busato
EGMO,Japan,Yurika Yasuda
EGMO,Kazakhstan,Aizhan Kenzhebayeva
EGMO,Kazakhstan,Merey Temirzinova
EGMO,Saudi Arabia,Rafaa Qanash
EGMO,Brazil,Cecília Mileski de Paula
EGMO,Georgia,Kesaria Chelidze
EGMO,Hungary,Leila Nagy
EGMO,India,Gunjan Aggarwal
EGMO,Israel,Noga Labin
EGMO,Mexico,Rosa Victoria Cantú Rodríguez
EGMO,Switzerland,Emily Dikhoff
EGMO,United Kingdom,Tatiana Mouzykantskii
EGMO,North Macedonia,Jasna Ilieva
EGMO,Mongolia,Undral Batbayasgalan
EGMO,Slovakia,Alica Dományová
EGMO,Bangladesh,Nujhat Ahmed Disha
EGMO,Bosnia and Herzegovina,Ilma Čeljo
EGMO,Costa Rica,Nicole Lipschitz Kesselman
EGMO,Czechia,Tereza Černá
EGMO,Germany,Ruth Plümer
EGMO,India,Sanika Borade
EGMO,Israel,Tamar Peer
EGMO,Israel,Yaara Schulman
EGMO,Italy,Alice Magnanini
EGMO,North Macedonia,Marija Atanasova
EGMO,Slovakia,Lucia Chladná
EGMO,United Kingdom,Raka Chattopadhyay
EGMO,Bangladesh,Rayan Bintay Mostafa
EGMO,Bosnia and Herzegovina,Imana Alibašić
EGMO,Belarus,Maryia Brel
EGMO,Hungary - B,Éva Ungár
EGMO,Latvia,Jūlija Vaikute
EGMO,Moldova,Adelina Patlatîi
EGMO,Moldova,Bianca Iordachi
EGMO,Syria,Marie-Noelle Seif Asskar
EGMO,United Kingdom,Rebekah Glaze
EGMO,Austria,Doris Obermaier
EGMO,Azerbaijan,Fidan Jafarli
EGMO,Azerbaijan,Safura XXX
EGMO,Belarus,Alina Viarutsina
EGMO,Belarus,Vera Hretskaya
EGMO,Cyprus,Danae Makridou
EGMO,Germany,Anna Leeb
EGMO,Mexico,Andrea Escalona Contreras
EGMO,Mongolia,Suvd Naranbaatar
EGMO,Serbia,Nevena Stojković
EGMO,Slovenia,Katarina Grilj
EGMO,Ukraine,Mariia Mikhnovska
EGMO,Croatia,Petra Grubišić
EGMO,Hungary - B,Ninett Beinschroth
EGMO,Mongolia,Bolormaa Sodgerel
EGMO,Poland,Marianna Gołębiewska
EGMO,Serbia,Zlata Stefanović
EGMO,Serbia,Kata Hristov
EGMO,Serbia,Marija Mihajlović
EGMO,Slovenia,Kaja Rajter
EGMO,Tajikistan,Farahnoz Normurodzoda
EGMO,Tajikistan,Anisa Burieva
EGMO,Bangladesh,Afsana Akter
EGMO,Costa Rica,Kristel Acuña García
EGMO,Cyprus,Kyriaki Assou
EGMO,North Macedonia,Emilija Nikolovska
EGMO,Syria,Bana Mahana
EGMO,Denmark,Bodil Kondrup Vedel
EGMO,Croatia,Barbara Kelava
EGMO,Saudi Arabia,Jana Aldossari
EGMO,Switzerland,Evelyn Ebneter
EGMO,Slovenia,Nives Gošnjak
EGMO,Bangladesh,Arifa Alam
EGMO,France,Alice Tosel
EGMO,Croatia,Lana Milani
EGMO,Kazakhstan,Anastassiya Odintsova
EGMO,Kazakhstan,Aray Kassenova
EGMO,Mongolia,Misheel Ankhbayar
EGMO,Saudi Arabia,Lara Monagel
EGMO,Austria,Janina Schneeweiss
EGMO,Spain,Raquel Trull Báguena
EGMO,Japan,Shinoa Kumamoto
EGMO,Kosovo,Yllkë Jashari
EGMO,Netherlands,Lieke van Dam
EGMO,Norway,Karen Birgitta Hanssen
EGMO,Saudi Arabia,Joud Bahuwayni
EGMO,Slovakia,Viera Glevitzká
EGMO,Azerbaijan,Sevinj Mahmudova
EGMO,Brazil,Larissa Lemos Afonso
EGMO,Georgia,Lizi Kutchava
EGMO,Greece,Alexandra Vasilopoulou
EGMO,Japan,Shiori Ohno
EGMO,Lithuania,Jovilė Navickaitė
EGMO,Latvia,Agata Kuzņecova
EGMO,Latvia,Olita Anastasija Zadarožnaja
EGMO,Denmark,Freja Rytter Kjelde
EGMO,Finland,Aino Aulanko
EGMO,Greece,Vasiliki Stamatelou
EGMO,Lithuania,Deimantė Grigaliūnaitė
EGMO,North Macedonia,Ivona Zikova
EGMO,Netherlands,Katya Nikitchenko
EGMO,Norway,Mina Johanne Heier
EGMO,Tunisia,Maleque Chouayekh
EGMO,Albania,Nea Metohu
EGMO,Bolivia,Valeria Cartagena
EGMO,Czechia,Anastasia Bredikhina
EGMO,Spain,Mencía Díaz de Cerio Ruiz de Lobera
EGMO,Finland,Anni Tapionlinna
EGMO,Netherlands,Wietske de Vos
EGMO,Tajikistan,Mehrona Sharopova
EGMO,Belgium,Lies Sevenhant
EGMO,Ireland,Emily Wolfe
EGMO,Spain,Daminika Sobal
EGMO,Georgia,Ana Makharadze
EGMO,Lithuania,Nikolė Lavrik
EGMO,Belgium,Anne Cao
EGMO,Cyprus,Georgia Timotheou
EGMO,Denmark,Katinka Maria Grønnegaard
EGMO,Greece,Stefania Spachou
EGMO,Ireland,Ayushi Mahajan
EGMO,Lithuania,Rugilė Alkovikaitė
EGMO,Switzerland,Moyang Zhang
EGMO,Slovenia,Neca Camlek
EGMO,Albania,Armela Shahini
EGMO,Finland,Minea Tiitinen
EGMO,Greece,Petroula Tzartzi
EGMO,Latvia,Milana Komisarova
EGMO,Norway,Zejia He
EGMO,Tunisia,Ibtihel Aguibi
EGMO,Czechia,Lucie Reichertová
EGMO,Ecuador,María José Indacochea Rosado
EGMO,Finland,Siiri Roschier
EGMO,Ireland,Sofia Babic
EGMO,Ireland,Catherine Ahern
EGMO,Kyrgyzstan,Elnura Anarbai kyzy
EGMO,Kyrgyzstan,Aizhan Taalaibek
EGMO,Kyrgyzstan,Glinova Varvara
EGMO,Moldova,Daniela Tărîță
EGMO,Norway,Astrid Mysterud
EGMO,Tajikistan,Saltanat Sayidova
EGMO,Costa Rica,Victoria Sandí Barrantes
EGMO,Denmark,Ronja Amalie Østergaard
EGMO,Ecuador,María José Salazar Macías
EGMO,Kyrgyzstan,Samira Talipova
EGMO,Kosovo,Blearta Kodraliu
EGMO,Tunisia,Imen Ben El Haj Mabrouk
EGMO,Albania,Sabrina Alushi
EGMO,Albania,Erlisa Demneri
EGMO,Bolivia,Marisel Martínez
EGMO,Bolivia,Stefany Gutierrez
EGMO,Bolivia,Dalia Mamani
EGMO,Costa Rica,Jimena H. Loría
EGMO,Cyprus,Sofia Neophytou
EGMO,Ecuador,Jovanna Apráez Enríquez
EGMO,Ecuador,María Roberta Camacho Vaca
EGMO,Kosovo,Marigona Marku
EGMO,Kosovo,Dora Lubishtani
EGMO,Australia,Xiangyue (Laura) Nan
EGMO,Azerbaijan,Fidan Garayeva
EGMO,Bulgaria,Maria Drencheva
EGMO,China,Shuwen Hu
EGMO,China,Lai Yuan
EGMO,China,Sihan Su
EGMO,China,Yiran Qiu
EGMO,Israel,Nogah Friedman
EGMO,Türkiye,Melek Güngör
EGMO,Türkiye,İrem Gülce Yazgan
EGMO,Ukraine,Polina Henyk
EGMO,United States,Isabella Zhu
EGMO,United States,Jessica Wan
EGMO,United States,Vivian Loh
EGMO,Germany,Réka Amélie Wagener
EGMO,Hungary,Csilla Fülöp
EGMO,Romania,Ana Boiangiu
EGMO,Australia,Cloris Xu
EGMO,Australia,Iris Xu
EGMO,Germany,Vera Lavrova
EGMO,Croatia,Stella Čolo
EGMO,Hungary,Gabriella Sztranyák
EGMO,Japan,Aya Nagao
EGMO,Poland,Daniela Spurtacz
EGMO,Slovakia,Eliška Macáková
EGMO,United States,Kristie Sue
EGMO,Australia,Eunsu Choi
EGMO,Bulgaria,Bilyana Dimitrova
EGMO,Poland,Helena Arendacz
EGMO,Romania,Mara Ioana Zaharia
EGMO,Ukraine,Yevheniia Frankevych
EGMO,Ukraine,Iryna Romaniuk
EGMO,Bangladesh,Nujhat Ahmed Disha
EGMO,Israel,Yaara Schulman
EGMO,Ukraine,Maryna Spektrova
EGMO,Bosnia and Herzegovina,Asja Ćatić
EGMO,Finland,Aino Aulanko
EGMO,Hungary,Panka Wiener
EGMO,Romania,Gabriela Madalina Pirvulescu
EGMO,United Kingdom,Ema Kobayashi
EGMO,Germany,Tina Ding
EGMO,Bosnia and Herzegovina,Naida Gavranović
EGMO,Italy,Elena Ghilardi
EGMO,Romania,Aida Mitroi
EGMO,Türkiye,Sena Başaran
EGMO,Türkiye,Zeynep Berra Uncu
EGMO,Canada,Yifan Tang
EGMO,United Kingdom,Aanya Goyal
EGMO,Slovenia,Katarina Grilj
EGMO,Bulgaria,Tsvetelina Ilieva
EGMO,Canada,Kathryn Dou
EGMO,India,Gunjan Aggarwal
EGMO,Kazakhstan,Merey Temirzinova
EGMO,Germany,Melia Haase
EGMO,India,Sunaina Pati
EGMO,Czechia,Tereza Černá
EGMO,Spain,Alèxia Escudero Ribó
EGMO,Georgia,Tamari Peikrishvili
EGMO,Croatia,Marija Dora Marodi
EGMO,Kazakhstan,Anastassiya Odintsova
EGMO,Kazakhstan,Akerke Nurakhmetova
EGMO,Mexico,Rosa Victoria Cantú Rodríguez
EGMO,Bulgaria,Ivayla Radkova
EGMO,Japan,Minori Furukawa
EGMO,Belarus,Alena Viartsinskaya
EGMO,Belarus,Alina Viarutsina
EGMO,Belarus,Marina Ilyina
EGMO,Finland,Anni Tapionlinna
EGMO,Croatia,Lara Semeš
EGMO,Mongolia,Undral Batbayasgalan
EGMO,Tajikistan,Anisa Burieva
EGMO,Belarus,Hanna Piatryshyna
EGMO,Mongolia,Dulguun Gansukh
EGMO,Slovakia,Lucia Chladná
EGMO,Canada,Yingshan Xiao
EGMO,Canada,Cordelia Hu
EGMO,Czechia,Anastasia Bredikhina
EGMO,Netherlands,Allie Zong
EGMO,Saudi Arabia,Jana Aldossari
EGMO,Bosnia and Herzegovina,Ilma Čeljo
EGMO,Czechia,Alena Janáčková
EGMO,France,Madeleine de Belloy de Saint Liénard
EGMO,Kazakhstan,Amira Kenbayeva
EGMO,United Kingdom,Huyền Phạm
EGMO,France,Maryam Kouhkan
EGMO,Israel,Netta Ilani
EGMO,Japan,Mika Yamanouchi
EGMO,Serbia,Nina Šušić
EGMO,United Kingdom,Elsa Lin
EGMO,Bangladesh,Arifa Alam
EGMO,Bosnia and Herzegovina,Sara Smajić
EGMO,Brazil,Cecília Mileski de Paula
EGMO,Brazil,Bilhana Plamenova Kochloukova
EGMO,Denmark,Freja Rytter Kjelde
EGMO,Latvia,Ramona Poreitere
EGMO,Slovakia,Veronika Chovancová
EGMO,Bangladesh,Saniva Rakib Soha
EGMO,Hungary,Anita Kercsó-Molnár
EGMO,Japan,Akari Wada
EGMO,Lithuania,Deimantė Grigaliūnaitė
EGMO,Mexico,Andrea Escalona Contreras
EGMO,Poland,Mariam Baghdasaryan
EGMO,Poland,Agata Stępińska
EGMO,Croatia,Barbara Kelava
EGMO,India,Sanjana Philo Chacko
EGMO,Netherlands,Lieke van Dam
EGMO,Norway,Mina Johanne Heier
EGMO,Switzerland,Anna Kokorich
EGMO,Azerbaijan,Sevinj Mahmudova
EGMO,Bangladesh,Afsana Akter
EGMO,North Macedonia,Emilija Nikolovska
EGMO,Switzerland,Aisha Azhgaliyeva
EGMO,Slovakia,Alica Dományová
EGMO,Denmark,Maia Reffs Vistisen
EGMO,Georgia,Kesaria Chelidze
EGMO,Latvia,Jūlija Vaikute
EGMO,Mongolia,Bolor Naranbaatar
EGMO,Netherlands,Damaris ter Haar
EGMO,Netherlands,Katya Nikitchenko
EGMO,Albania,Nea Metohu
EGMO,Azerbaijan,Fidan Jafarli
EGMO,Brazil,Isabela Ruthner Dorn
EGMO,Brazil,Endy Lumy Okamura Miyashita
EGMO,Moldova,Bianca Iordachi
EGMO,Mongolia,Amin-Erdene Munkhbayar
EGMO,Belgium,Sanae Chakroune
EGMO,Colombia,Sara Ramirez
EGMO,Czechia,Tereza Krejčí
EGMO,France,Elisa Zheng
EGMO,Italy,Alice Drera
EGMO,Italy,Matilde Iannaccone
EGMO,Norway,Maryam Modupeola Omobolanle Idowu
EGMO,India,Bhavya Sree N. Naga
EGMO,Switzerland,Lena Libort
EGMO,Belgium,Enya Leroy
EGMO,Ireland,Xiang Lian
EGMO,Mexico,Andrea Sarahí Cascante Duarte
EGMO,Saudi Arabia,Fatimah BUalli
EGMO,Tajikistan,Farahnoz Normurodzoda
EGMO,Azerbaijan,Safura XXX
EGMO,Estonia,Meriliis Täht
EGMO,Georgia,Nino Chkhaidze
EGMO,Georgia,Lizi Kutchava
EGMO,Greece,Maria - Eleni Nikolaou
EGMO,Lithuania,Jovilė Navickaitė
EGMO,Switzerland,Evelyn Ebneter
EGMO,Slovenia - B,Ema Hojan
EGMO,Colombia,Juanita Giraldo
EGMO,Denmark,Caroline Tue Ravnkilde
EGMO,Estonia,Agnes Tennisberg
EGMO,Ireland,Qingyi Chen
EGMO,Ireland,Emily Wolfe
EGMO,Moldova,Laura Șestacov
EGMO,Norway,Ingunn Skoglund
EGMO,Slovenia,Kaja Rajter
EGMO,Spain,Irene Armesto Méndez
EGMO,Estonia,Kirke Kisand
EGMO,Finland,Siiri Roschier
EGMO,Finland,Minea Tiitinen
EGMO,France,Eva Jacob
EGMO,Ireland,Ayushi Mahajan
EGMO,Italy,Benedetta Demoro
EGMO,Luxembourg,Maia Tanasa
EGMO,Luxembourg,Michèle Voncken
EGMO,North Macedonia,Misha Veselinski
EGMO,Serbia,Sofija Pavlekić
EGMO,Slovenia - B,Neca Camlek
EGMO,Kosovo,Era Januzi
EGMO,North Macedonia,Ivona Zikova
EGMO,Lithuania,Rugilė Dzindzalietaitė
EGMO,Mexico,Ana Camila Cuevas González
EGMO,Slovenia,Nives Gošnjak
EGMO,Colombia,Laura Montes
EGMO,Cyprus,Sofia Neophytou
EGMO,Spain,Jara Risco Martín
EGMO,Lithuania,Nikolė Lavrik
EGMO,Serbia,Sofija Jovanović
EGMO,Cyprus,Qiyue Wang
EGMO,Ecuador,Mia Leonor Dunn Bertha
EGMO,Spain,Ariadna Franch Pérez
EGMO,Greece,Stefania Spachou
EGMO,Moldova,Alina Ostrov
EGMO,Norway,Yuliya Zabelina
EGMO,Slovenia,Patricia Király
EGMO,Slovenia - B,Ekaterina Chizhova
EGMO,Slovenia - B,Zara Barbarić
EGMO,Belgium,Saar De Bus
EGMO,Belgium,Enya Lindekens
EGMO,Colombia,Mariana Ortiz
EGMO,Cyprus,Kyriaki Assou
EGMO,Estonia,Liisa Pata
EGMO,Kosovo,Dora Lubishtani
EGMO,Luxembourg,Louise Bernier
EGMO,Saudi Arabia,Retaj ALsaleh
EGMO,Saudi Arabia,Farhah ALameer
EGMO,Serbia,Natalija Pantić
EGMO,Tunisia,Safa Sokkah
EGMO,Albania,Alessia Pepa
EGMO,Kosovo,Alketa Dreshaj
EGMO,Latvia,Elza Strumpe
EGMO,Latvia,Anna Ugaine
EGMO,North Macedonia,Sara Toshevska
EGMO,Tunisia,Aicha Doghri
EGMO,Albania,Hejli Dedja
EGMO,Albania,Erida Puka
EGMO,Denmark,Alberte Møller Frost
EGMO,Greece,Varvara Koulourioti
EGMO,Kosovo,Ejota Elezaj
EGMO,Moldova,Ana-Maria Izbaș
EGMO,Tunisia,Nouha Jemel
EGMO,Cyprus,Varvara Kechagia
EGMO,Ecuador,Maria Valentina Ulloa Masache
EGMO,Luxembourg,Lisa Labatut
EGMO,United States,Hannah Fox
EGMO,Australia,Cloris Xu
EGMO,Finland,Aino Aulanko
EGMO,United States,Jessica Wan
EGMO,China,Xintong Tan
EGMO,Australia,Amber Li
EGMO,Australia,Xiangyue (Laura) Nan
EGMO,China,Jiayi Guo
EGMO,China,Yuhan Li
EGMO,Germany,Vera Lavrova
EGMO,Israel,Netta Ilani
EGMO,Romania,Gabriela Madalina Pirvulescu
EGMO,Slovakia,Eliška Macáková
EGMO,Türkiye,İrem Gülce Yazgan
EGMO,Ukraine,Yevheniia Frankevych
EGMO,Ukraine,Alisa Potomkina
EGMO,Ukraine,Maryna Spektrova
EGMO,United States,Angela Liu
EGMO,United States,Kristie Sue
EGMO,Romania,Aida Mitroi
EGMO,Taiwan,Alice Chen
EGMO,Türkiye,Sena Başaran
EGMO,Australia,Iris Xu
EGMO,Belarus,Anastasia Belaya
EGMO,Croatia,Lara Semeš
EGMO,Canada,Emily Ma
EGMO,China,Linshan Cai
EGMO,Germany,Melia Haase
EGMO,United Kingdom,Aanya Goyal
EGMO,Romania,Mara Ioana Zaharia
EGMO,Türkiye,Bengisu Demirbaş
EGMO,Hungary,Panka Wiener
EGMO,United Kingdom,Elsa Lin
EGMO,Czechia,Tereza Černá
EGMO,India,Gunjan Aggarwal
EGMO,Japan,Minori Furukawa
EGMO,Canada,Katrina Liu
EGMO,Japan,Rina Hatachi
EGMO,Kazakhstan,Anastassiya Odintsova
EGMO,Bosnia and Herzegovina,Asja Ćatić
EGMO,Brazil,Isabela Ruthner Dorn
EGMO,Georgia,Tamari Peikrishvili
EGMO,Hungary,Dorka Elekes
EGMO,Italy,Matilde Iannaccone
EGMO,Poland,Magdalena Pudełko
EGMO,Serbia,Nina Šušić
EGMO,Taiwan,Yun-chen Lin
EGMO,Kazakhstan,Amira Kenbayeva
EGMO,Belarus,Stefaniya Shuturminskaya
EGMO,Canada,Yifan Tang
EGMO,Germany,Tina Ding
EGMO,Croatia,Mila Maretić
EGMO,Poland,Sylwia Sapkowska
EGMO,Romania,Ana-Gabriela Cirjea
EGMO,Croatia,Maša Dobrić
EGMO,India,Sanjana Philo Chacko
EGMO,Slovakia,Lucia Chladná
EGMO,Ukraine,Kateryna Sydorenko
EGMO,Italy,Barbara Catino
EGMO,Japan,Sumire Kawasaki
EGMO,Mongolia,Dulguun Gansukh
EGMO,Poland,Alicja Przybylik
EGMO,Slovenia,Ekaterina Chizhova
EGMO,Canada,Ruojin (Joanna) Xie
EGMO,Italy,Giulia Comini
EGMO,Mexico,Andrea Sarahí Cascante Duarte
EGMO,Saudi Arabia,Fatimah BUalli
EGMO,Slovenia,Nives Gošnjak
EGMO,Slovenia,Patricia Király
EGMO,Bulgaria,Simona Gagarova
EGMO,France,Ruirong Li
EGMO,Switzerland,Hongjia Meng
EGMO,Switzerland,Noelia Cheridito
EGMO,Slovakia,Alica Dományová
EGMO,Israel,Olga Besova
EGMO,Bangladesh,Nujhat Ahmed Disha
EGMO,Brazil,Maria Clara Fontes Silva
EGMO,Czechia,Lenka Poljaková
EGMO,Denmark,Maia Reffs Vistisen
EGMO,India,Larissa -
EGMO,India,Saee Vitthal Patil
EGMO,Mongolia,Amin-Erdene Munkhbayar
EGMO,Slovenia,Zara Barbarić
EGMO,Azerbaijan,Sevinj Mahmudova
EGMO,Brazil,Bilhana Plamenova Kochloukova
EGMO,Czechia,Veronika Menšíková
EGMO,Japan,Risa Iguchi
EGMO,Kazakhstan,Aray Kassenova
EGMO,Mongolia,Enkhjin Erdenebat
EGMO,Taiwan,Chia-yi Liu
EGMO,United Kingdom,Julia Volovich
EGMO,Czechia,Anastasia Bredikhina
EGMO,Hungary,Zsófia Keresztély
EGMO,Mexico,Rosa Victoria Cantú Rodríguez
EGMO,North Macedonia,Misha Veselinski
EGMO,Netherlands,Dagmar Tanck
EGMO,Serbia,Ana Ilić
EGMO,Bosnia and Herzegovina,Emina Hasanbegović
EGMO,Mexico,Angela María Flores Ruíz
EGMO,Netherlands,Mirte Nauta
EGMO,Netherlands,Katya Nikitchenko
EGMO,Bulgaria,Demira Nedeva
EGMO,Cyprus,Taisiya Chernova
EGMO,Finland,Siiri Roschier
EGMO,Serbia,Neda Živanović
EGMO,Switzerland,Evelyn Ebneter
EGMO,Slovakia,Hana Kalábová
EGMO,Türkiye,Ilgın Şekerli
EGMO,Bulgaria,Maya Minkova
EGMO,Brazil,Luiza Akemi Bidoia de Freitas
EGMO,Hungary,Kim Dorka Nguyen
EGMO,Kazakhstan,Aruzhan Batyrkhan
EGMO,Lithuania,Jovilė Navickaitė
EGMO,Moldova,Anastasia Corsac
EGMO,Serbia,Anja Tešević
EGMO,Azerbaijan,Zahra Ibishova
EGMO,Bangladesh,Monamy Zaman
EGMO,Belarus,Marina Ilyina
EGMO,Belarus,Maryia Narbina
EGMO,Spain,Vera Morancho Bargas
EGMO,France,Manon Pasbeau
EGMO,France,Clémentine Pialoux
EGMO,Germany,Diana Reznychenko
EGMO,Italy,Martha Sofia Mayo
EGMO,Mongolia,Bolor Naranbaatar
EGMO,Poland,Zofia Krok
EGMO,Switzerland,Irina Tikhonovskaia
EGMO,Azerbaijan,Rafiga Gambarova
EGMO,Bosnia and Herzegovina,Sara Smajić
EGMO,Colombia,Sara Ramirez
EGMO,Spain,Ekaterina Leksina
EGMO,Georgia,Nino Chkhaidze
EGMO,Georgia - B,Gvantsa Khvedelidze
EGMO,Greece,Ioanna Zachou
EGMO,Lithuania,Rugilė Dzindzalietaitė
EGMO,Latvia,Ramona Poreitere
EGMO,North Macedonia,Emilija Nikolovska
EGMO,Algeria,Meriem Nour El Yakine Doum
EGMO,Belgium,Enya Leroy
EGMO,Bangladesh,Afsana Akter
EGMO,Bangladesh,Saniva Rakib Soha
EGMO,Bulgaria,Ralitsa Marcheva
EGMO,Spain,Raquel Freire Fernández
EGMO,Georgia,Salome Murdalashvili
EGMO,Mexico,Isabela Loredo Carvajal
EGMO,Saudi Arabia,Retaj ALsaleh
EGMO,Algeria,Selma Larinouna
EGMO,Bosnia and Herzegovina,Ilma Čeljo
EGMO,Denmark,Alberte Møller Frost
EGMO,Greece,Lydia Kratsa
EGMO,Latvia,Diāna Stecka
EGMO,Moldova,Laura Șestacov
EGMO,Moldova,Bianca Iordachi
EGMO,Colombia,Paula Duque
EGMO,Cyprus,Kyriaki Assou
EGMO,Cyprus,Qiyue Wang
EGMO,Estonia,Paula Russak
EGMO,Finland,Amelie Hao
EGMO,Finland,Minea Tiitinen
EGMO,Georgia - B,Barbare Kuchava
EGMO,Croatia,Lucija Pongrac
EGMO,Latvia,Anna Ugaine
EGMO,North Macedonia,Sara Toshevska
EGMO,North Macedonia,Nina Lameva
EGMO,Netherlands,Wendy Huang
EGMO,Taiwan,Yohan Wang
EGMO,Albania,Erida Puka
EGMO,Denmark,Freja Rytter Kjelde
EGMO,Greece,Paraskevi Agniadi
EGMO,Norway,Lovise Foss Linnestad
EGMO,Denmark,Alexandra Caroline Kähler Kyed
EGMO,France,Claire Deloye
EGMO,Ireland,Qingyi Chen
EGMO,Latvia,Elza Strumpe
EGMO,United Kingdom,Keisha Kwok
EGMO,Albania,Ajsel Budlla
EGMO,Belgium,Enya Lindekens
EGMO,Greece,Aspasia Ntarara
EGMO,Ireland,Anja MacKenzie
EGMO,Azerbaijan,Fatima Asadova
EGMO,Cyprus,Sofia Neophytou
EGMO,Estonia,Kirke Kisand
EGMO,Kosovo,Dora Lubishtani
EGMO,Kosovo,Jona Shefkiu
EGMO,Lithuania,Nikolė Lavrik
EGMO,Moldova,Alina Ostrov
EGMO,Belgium,Saar De Bus
EGMO,Belgium,Tianyi Han
EGMO,Spain,Léa González Buonocore
EGMO,Estonia,Karolin Ruumet
EGMO,Georgia,Anastasia Gvasalia
EGMO,Ireland,Mariia Kiiko
EGMO,Kosovo,Entela Mirena
EGMO,Norway,Yuliya Zabelina
EGMO,Colombia,Maria José Aristizabal
EGMO,Estonia,Liisa Pata
EGMO,Georgia - B,Rusudani Kupatadze
EGMO,Georgia - B,Nino Chachanidze
EGMO,Kosovo,Anisa Shabani
EGMO,Norway,Torvei Johanne Medhus Hjelvik
EGMO,Norway,Victoria Lund Søraas
EGMO,Saudi Arabia,Sarah Aljughayman
EGMO,Saudi Arabia,Lana Nouri
EGMO,Albania,Denida Balla
EGMO,Albania,Hejli Dedja
EGMO,Algeria,Wissal Mechri
EGMO,Algeria,Meriem Arif
EGMO,Colombia,Sofia González
EGMO,Ecuador,María José Indacochea Rosado
EGMO,Ecuador,Maria Valentina Ulloa Masache
EGMO,Ireland,Charlotte Walmsley
EGMO,Lithuania,Kornelija Savickė
EGMO,China,Yankuan Liu
EGMO,China,Yuxuan Meng
EGMO,Poland,Magdalena Pudełko
EGMO,Australia,Amber Li
EGMO,Germany,Tina Ding
EGMO,Israel,Netta Ilani
EGMO,United States,Angela Liu
EGMO,China,Yuqi Lan
EGMO,Italy,Anna Kazhamiakina
EGMO,United States,Hannah Fox
EGMO,Israel,Olga Besova
EGMO,Japan,Rina Hatachi
EGMO,United States,Alansha Jiang
EGMO,Australia,Xiangyue (Laura) Nan
EGMO,Romania,Aida Mitroi
EGMO,Türkiye,Defne Hergül
EGMO,Hungary,Zsófia Keresztély
EGMO,Italy,Barbara Catino
EGMO,Italy,Giulia Comini
EGMO,Switzerland,Hongjia Meng
EGMO,Australia,Olivia Sun
EGMO,France,Ruirong Li
EGMO,Poland,Łucja Łyziak
EGMO,Taiwan,Alice Chen
EGMO,Ukraine,Dariia Balan
EGMO,United Kingdom,Nanako Ueda
EGMO,United States,Shruti Arun
EGMO,Bulgaria,Adelina Dorovska
EGMO,India,Sanjana Philo Chacko
EGMO,Italy,Matilde Iannaccone
EGMO,United Kingdom,Aurelia Walker
EGMO,Spain,Vera Morancho Bargas
EGMO,France,Margot Sur-Cortier
EGMO,Japan,Haruka Kimura
EGMO,Japan,Tong Gu.
EGMO,Slovenia,Ekaterina Chizhova
EGMO,Canada,Sophie Zhang
EGMO,Czechia,Svatava Šimečková
EGMO,Croatia,Maša Dobrić
EGMO,Peru,Dhamaris Alarcon
EGMO,Slovakia,Lucia Chladná
EGMO,Australia,Zihui Zhang
EGMO,Germany,Ilsa Freysoldt
EGMO,Germany,Vianne Heinz
EGMO,Hungary,Réka Hodossy
EGMO,India,Shreya Shantanu Mundhada
EGMO,Slovenia,Patricia Király
EGMO,Taiwan,Qin-rou Chiu
EGMO,Belgium,Enya Leroy
EGMO,Canada,Yifan Tang
EGMO,Czechia,Veronika Menšíková
EGMO,Hungary,Yufan Zhai
EGMO,Romania,Ana Boiangiu
EGMO,Saudi Arabia,Fatimah BUalli
EGMO,Türkiye,Ilgın Şekerli
EGMO,Taiwan,Yohan Wang
EGMO,United Kingdom,Aanya Goyal
EGMO,Uzbekistan,Dildora Makhkamova
EGMO,Brazil,Alice Schneider
EGMO,China,Mingyi Jiang
EGMO,Brazil,Ana Beatriz Pazó
EGMO,Croatia,Lana Milani
EGMO,Kazakhstan,Iuliia Katunina
EGMO,Peru,Estrella Zapata
EGMO,Türkiye,Bengisu Demirbaş
EGMO,Armenia,Nare Smbatyan
EGMO,Bosnia and Herzegovina,Amila Pašić
EGMO,Brazil,Maria Clara Fontes Silva
EGMO,Canada,Honjar Xing
EGMO,Czechia,Helena Muchová
EGMO,Croatia,Mila Maretić
EGMO,Poland,Aleksandra Żyniewicz
EGMO,Ukraine,Milania Akchurina
EGMO,Armenia,Mane Yeritsyan
EGMO,Bosnia and Herzegovina,Sara Smajić
EGMO,Bosnia and Herzegovina,Farah Demirović
EGMO,Hungary,Dorka Elekes
EGMO,India,Saee Vitthal Patil
EGMO,India,Shreya Gupta Ray
EGMO,Kazakhstan,Aray Kassenova
EGMO,Mexico,Andrea Sarahí Cascante Duarte
EGMO,Netherlands,Wendy Huang
EGMO,Poland,Wiktoria Bazan
EGMO,Romania,Ioana Stroe
EGMO,South Africa,Yian Xu
EGMO,South Africa,Ellen Grant-Smith
EGMO,Slovakia,Viktória Krettová
EGMO,Taiwan,Yun-chen Lin
EGMO,Ukraine,Daria Perekopska
EGMO,Kazakhstan,Aruzhan Kairat
EGMO,Mongolia,Bolor Naranbaatar
EGMO,Netherlands,Floortje Lusthof
EGMO,Netherlands,Lisa Meij
EGMO,New Zealand,Yixuan Ning
EGMO,Switzerland,Evelyn Ebneter
EGMO,Switzerland,Svenja Felber
EGMO,Armenia,Kristina Hayrapetyan
EGMO,Armenia,Arpi Prazyan
EGMO,Bulgaria,Maya Minkova
EGMO,Bulgaria,Vanesa Kalinkova
EGMO,Canada,Yingshan Xiao
EGMO,France,Louise Deloye
EGMO,Ireland,Siobhan Mc Gale
EGMO,Kazakhstan,Anar Didarbekova
EGMO,Lithuania,Rugilė Dzindzalietaitė
EGMO,Latvia,Diāna Stecka
EGMO,Mongolia,Misheel Ankhbayar
EGMO,Mongolia,Anu Altangerel
EGMO,Netherlands,Alina Ju
EGMO,Romania,Iustina Diaconu
EGMO,Saudi Arabia,Sarah Aljughayman
EGMO,Uzbekistan,Nastarin Kamolova
EGMO,Uzbekistan,Malika Khojamuratova
EGMO,France,Camille Pawlowski
EGMO,Germany,Diana Reznychenko
EGMO,Moldova,Laura Șestacov
EGMO,Moldova,Anastasia Corsac
EGMO,Mexico,Alejandra Muñoz Espín
EGMO,Spain,Eulàlia Gaya Bretones
EGMO,Finland,Amelie Hao
EGMO,Japan,Ayune Masutani
EGMO,Lithuania,Jovilė Navickaitė
EGMO,Latvia,Anna Ugaine
EGMO,Mexico,Angela María Flores Ruíz
EGMO,Türkiye,Sude Tuncer
EGMO,United Kingdom,Julia Strekopytov
EGMO,Bangladesh,Saaji Sehnai
EGMO,Czechia,Tereza Kubínová
EGMO,Croatia,Ita Blašković
EGMO,Mexico,Sofía Constanza Santisteban Dávila
EGMO,South Africa,Ruth Trimble
EGMO,Uzbekistan,Yorkinoy Hasanova
EGMO,Bangladesh,Saniva Rakib Soha
EGMO,Bulgaria,Yoana Mladenova
EGMO,Bosnia and Herzegovina,Uma Senta
EGMO,Spain,Ariadna Franch Pérez
EGMO,Greece,Lydia Kratsa
EGMO,Israel,Maayan Ravid
EGMO,Kyrgyzstan,Kamila Aliyarova
EGMO,Moldova,Bianca Iordachi
EGMO,North Macedonia,Misha Veselinski
EGMO,New Zealand,Sophie Xu
EGMO,Saudi Arabia,Retaj ALsaleh
EGMO,Saudi Arabia,Albatool Alaidarous
EGMO,Slovakia,Ivana Kováčová
EGMO,Slovenia,Naja Oblak
EGMO,Bangladesh,Taslima Tasnim Lamia
EGMO,Brazil,Heloísa Mysczak
EGMO,Greece,Ioanna Zachou
EGMO,Israel,Maya Cohen
EGMO,Luxembourg,Kiah Shah
EGMO,Norway,Lovise Foss Linnestad
EGMO,Norway,Renate Lorena Midtgård
EGMO,Peru,Alisson Morón
EGMO,Peru,Luana Vega
EGMO,Kyrgyzstan,Saikal Mamarasulova
EGMO,Moldova,Andreea Francu
EGMO,Mongolia,Oyunbilig Bandi
EGMO,Switzerland,Myriam Faltin
EGMO,Tunisia,Emna Hamdi
EGMO,Albania,Klevisa Zeqja
EGMO,Estonia,Paula Russak
EGMO,Ireland,Aifric Barron
EGMO,Ireland,Charlotte Walmsley
EGMO,Ireland,Siqin You
EGMO,Norway,Victoria Lund Søraas
EGMO,Slovenia,Sara Ferreira
EGMO,Belgium,Laure-Line Jouniaux
EGMO,Cyprus,Pegky Tsilimidou
EGMO,Denmark,Camilla Skov Hansen
EGMO,Finland,Louna Kiuru
EGMO,Kyrgyzstan,Ramilya Bozova
EGMO,Kosovo,Jona Shefkiu
EGMO,Lithuania,Kotryna Mieldažytė
EGMO,New Zealand,Qiaojia Chen
EGMO,New Zealand,Ruishan Chen
EGMO,Slovakia,Alena Bálintová
EGMO,Denmark,Alexandra Caroline Kähler Kyed
EGMO,Kosovo,Vesa Xhymshiti
EGMO,Luxembourg,Vida Sušelj
EGMO,Norway,Maryam Modupeola Omobolanle Idowu
EGMO,South Africa,Olivia Castleden
EGMO,Tunisia,Nouha Jemel
EGMO,Ukraine,Kateryna Sydorenko
EGMO,Spain,Isabel Arnáiz Vega
EGMO,Latvia,Jelizaveta Deņisova
EGMO,Kosovo,Entela Mirena
EGMO,Lithuania,Dovilė Saunorytė
EGMO,Belgium,Litsa Ceyssens
EGMO,Belgium,Anna Huysmans
EGMO,Bangladesh,Nahian Parin Ifa
EGMO,Cyprus,Anna Rouva
EGMO,Denmark,Lucca Starup Jakobsen
EGMO,Estonia,Maileen Volberg
EGMO,North Macedonia,Antonela Vladeva
EGMO,North Macedonia,Ilina Arsovska
EGMO,North Macedonia,Mihaela Smilevska
EGMO,Denmark,Anna Priegel Rødtjer
EGMO,Estonia,Anete Pihlak
EGMO,Estonia,Triinu Valdvee
EGMO,Kyrgyzstan,Nuraiym Mukhamatnabieva
EGMO,Latvia,Tīna Muceniece
EGMO,Albania,Denida Balla
EGMO,Finland,Anni Tallavaara
EGMO,Finland,Julia Rintala
EGMO,Greece,Maria Stefania Koletta
EGMO,Greece,Ifigeneia Manolou
EGMO,Kosovo,Anisa Shabani
EGMO,Kosovo - B,Alba Pllana
EGMO,Kosovo - B,Erza Imeraj
EGMO,Kosovo - B,Bardha Kurtishi
EGMO,Sri Lanka,Yuqi Huang
EGMO,Tunisia,Chayma Ben Chaabane
EGMO,Albania,Enada Kanina
EGMO,Kosovo - B,Dina Maliqi
EGMO,Sri Lanka,Mekayla Akarshani Fernando
EGMO,Sri Lanka,S. M. Vinuthi Lohansa Subasinghe
EGMO,Sri Lanka,Sanuthi Thedara Hemachandra
EGMO,Tunisia,Eya Mghaieth
EGMO,China,Huaijin Lou
EGMO,China,Ziyu Tang
EGMO,China,Minqi Xu
EGMO,China,Yuke Zhuo
EGMO,India,Shreya Shantanu Mundhada
EGMO,Indonesia,Danica Odelia
EGMO,Romania,Mălina-Carla Pavel
EGMO,Australia,Amber Li
EGMO,Japan,Haruka Kimura
EGMO,Canada,Sophie Zhang
EGMO,Croatia,Mila Maretić
EGMO,Italy,Anna Kazhamiakina
EGMO,Japan,Rina Hatachi
EGMO,Romania,Aida Mitroi
EGMO,Türkiye,Defne Hergül
EGMO,Bosnia and Herzegovina,Anja Tešević
EGMO,United Kingdom,Teri Xu
EGMO,Australia,Olivia Sun
EGMO,France,Ruirong Li
EGMO,Peru,Dhamaris Alarcon
EGMO,Romania,Carina Maria Viespescu
EGMO,Serbia,Vanja Jelovac
EGMO,United States,Catherine Xu
EGMO,Brazil,Julia Leguiza
EGMO,Croatia,Maša Dobrić
EGMO,Switzerland,Hongjia Meng
EGMO,Slovenia,Ekaterina Chizhova
EGMO,Türkiye,Bengisu Demirbaş
EGMO,Ukraine,Viktoriia Goncharenko
EGMO,United States,Ekam Kaur
EGMO,Brazil,Maria Clara Fontes Silva
EGMO,Czechia,Svatava Šimečková
EGMO,Germany,Maike Konang
EGMO,Mongolia,Javkhlanzaya Turmunkh
EGMO,Serbia,Nina Šušić
EGMO,Bulgaria,Adelina Dorovska
EGMO,Germany,Ilsa Freysoldt
EGMO,Taiwan,Peng-En Lu
EGMO,Taiwan,Victoria Sheung
EGMO,Germany,Rafiga Gambarova
EGMO,India,Sanjana Philo Chacko
EGMO,Kazakhstan,Iuliia Katunina
EGMO,Mexico,Andrea Sarahí Cascante Duarte
EGMO,Mongolia,Amin-Erdene Munkhbayar
EGMO,Netherlands,Alina Ju
EGMO,United Kingdom,Emily Shi
EGMO,Uzbekistan,Nastarin Kamolova
EGMO,Canada,Greta Qu
EGMO,Finland,Amelie Hao
EGMO,France - B,Louise Deloye
EGMO,France - B,Sidonie Marquer Buffon
EGMO,Italy,Miriam Pividori
EGMO,Kazakhstan,Aruzhan Kairat
EGMO,Poland,Łucja Łyziak
EGMO,Türkiye,Elif Kiraz
EGMO,Ukraine,Dariia Balan
EGMO,United States,Xinyi Li
EGMO,Bangladesh,Monamy Zaman
EGMO,Belarus,Yauheniya Maslenikava
EGMO,Czechia,Veronika Menšíková
EGMO,Finland,Mariia Akimova
EGMO,Hungary,Noémi Bodor
EGMO,Italy,Alice Gemma
EGMO,Mexico,Dana Karen Medina González
EGMO,Netherlands,Fenne Meijer
EGMO,Slovakia,Alena Bálintová
EGMO,Türkiye,Ilgın Şekerli
EGMO,Ukraine,Alisa Zagorodnieva
EGMO,United States,Kailua Cheng
EGMO,Australia,Christine Ou
EGMO,Bulgaria,Yoana Mladenova
EGMO,Spain,Vera Morancho Bargas
EGMO,France - B,Clémence Pham
EGMO,Germany,Dora Yang
EGMO,Hungary,Yufan Zhai
EGMO,India,Shivani Barath Kumar
EGMO,Armenia,Elen Keshishyan
EGMO,Armenia,Nare Smbatyan
EGMO,Australia,(Chuyu (Anna) Luo
EGMO,Bangladesh,Saaji Sehnai
EGMO,France,Inès Fischler
EGMO,Hungary,Dóra Sárdinecz
EGMO,Kazakhstan,Vera Kotorova
EGMO,Mongolia,Anu Altangerel
EGMO,Norway,Victoria Lund Søraas
EGMO,Switzerland,Svenja Felber
EGMO,Sweden,Jiayi Liu
EGMO,Ukraine,Kateryna Sydorenko
EGMO,Uzbekistan,Dildora Makhkamova
EGMO,Czechia,Helena Muchová
EGMO,France,Noemi Kempe Regev
EGMO,Lithuania,Rugilė Dzindzalietaitė
EGMO,Slovenia,Naja Oblak
EGMO,Taiwan,Chen-Fei Wu
EGMO,Belarus,Maryia Narbina
EGMO,Hungary,Vivien Varga
EGMO,Italy,Barbara Catino
EGMO,Poland,Maria Janyska
EGMO,Romania,Ioana Stroe
EGMO,Serbia,Irina Stanišić
EGMO,Slovenia,Tisa Lombar
EGMO,Azerbaijan,Gulay Alizada
EGMO,Brazil,Heloísa Mysczak
EGMO,Israel,Maya Cohen
EGMO,Mexico,Elisa Villarreal Corona
EGMO,Netherlands,Lisa Meij
EGMO,Armenia,Mariam Karagulyan
EGMO,Azerbaijan,Leman Nabiyeva
EGMO,Belarus,Stefaniya Shuturminskaya
EGMO,Japan,Yukina Nakamoto
EGMO,Kyrgyzstan,Kamila Aliyarova
EGMO,Lithuania,Dovilė Saunorytė
EGMO,Norway,Ingrid Lærum Winsnes
EGMO,Poland,Daria Lobas
EGMO,Saudi Arabia,Albatool Alaidarous
EGMO,Sweden,Anastasiia Saranchina
EGMO,Azerbaijan,Zeynab Umudlu
EGMO,Bosnia and Herzegovina,Ajla Ćuprija
EGMO,Belarus,Aliaksandra Sakharchuk
EGMO,Colombia,Sofia González
EGMO,Czechia,Tereza Kubínová
EGMO,Croatia,Antonela Božić
EGMO,Ireland,Roisin Spratt
EGMO,Peru,Delia Faviana Esteban
EGMO,Saudi Arabia,Tala Tulbah
EGMO,Slovakia,Alica Jenčová
EGMO,Sweden,Leshi Zhang
EGMO,Uzbekistan,Nihola Yuldosheva
EGMO,Canada,Cora Cong
EGMO,Colombia,Maria José Aristizabal
EGMO,Cyprus,Polina Varlamova
EGMO,Estonia,Paula Russak
EGMO,Greece,Ioanna Zachou
EGMO,Latvia,Tīna Muceniece
EGMO,Latvia,Kitija Kampiņa
EGMO,Moldova,Laura Șestacov
EGMO,Moldova,Paulina Danu
EGMO,Mexico,Sofía Constanza Santisteban Dávila
EGMO,North Macedonia,Kalina Grashkoska
EGMO,New Zealand,Yixuan Ning
EGMO,Peru,Joyce Matias
EGMO,Peru,Gianella Camacho
EGMO,Poland,Zuzanna Mosionek
EGMO,South Africa,Ruth Trimble
EGMO,Switzerland,Xiaomei Xu
EGMO,Taiwan,Yun-Chao Liu
EGMO,Spain,Violeta Jaikin Zlobina
EGMO,France - B,Aminaa Batsaikhan
EGMO,India,Shrimoyee Bera
EGMO,Ireland,Aifric Barron
EGMO,Ireland,Charlotte Walmsley
EGMO,Kosovo,Vesa Xhymshiti
EGMO,Luxembourg,Kiah Shah
EGMO,Mongolia,Bolor Naranbaatar
EGMO,New Zealand,Ruishan Chen
EGMO,Saudi Arabia,Fatimah Almarhoun
EGMO,Serbia,Mina Pavlović
EGMO,Switzerland,Myriam Faltin
EGMO,Armenia,Mane Yeritsyan
EGMO,Bosnia and Herzegovina,Amila Pašić
EGMO,Brazil,Maria Cecília Ribeiro Pereira de Melo
EGMO,Denmark,Vic Rytter Kjelde
EGMO,Spain,Liss Marian Estevez Suárez
EGMO,Croatia,Ita Blašković
EGMO,Israel,Maya Sarig
EGMO,Israel,Ruth Kozlovsky
EGMO,Japan,Nanami Kurahashi
EGMO,Kosovo,Adela Llapashtica
EGMO,Lithuania,Miglė Vydmontaitė
EGMO,Rwanda,Imelda Ikuzwe
EGMO,South Africa,Olivia Castleden
EGMO,United Kingdom,Keisha Kwok
EGMO,Azerbaijan,Zahra Ibishova
EGMO,Bangladesh,Krittika Chakraborty
EGMO,Bulgaria,Yanilia Terpo
EGMO,Denmark,Maria Rumenova Maneva
EGMO,Denmark,Molly Østergaard
EGMO,Estonia,Marie Elise Kuristik
EGMO,Finland,Louna Kiuru
EGMO,Georgia,Rusudani Kupatadze
EGMO,Greece,Maria Stefania Koletta
EGMO,Lithuania,Saulė Vaidelytė
EGMO,Moldova,Ana Manea
EGMO,North Macedonia,Ana Mitevska
EGMO,New Zealand,Sophie Xu
EGMO,South Africa,Zixuan Liu
EGMO,South Africa,Anni Luo
EGMO,Slovenia,Maja Rihtaršič
EGMO,Uzbekistan,Dilnura Safarova
EGMO,Greece,Lydia Kratsa
EGMO,Kyrgyzstan,Diana Valerevna Kim
EGMO,Latvia,Diāna Stecka
EGMO,Belgium,Noa Heremans
EGMO,Belgium,Anna Huysmans
EGMO,Spain,Claudia García Navarro
EGMO,Finland,Mariia Kurdina
EGMO,Georgia,Barbare Kuchava
EGMO,Georgia,Mariam Tsagareli
EGMO,Iceland,Snædís Jökulsdóttir
EGMO,New Zealand,Jackie Xu
EGMO,Slovakia,Ivana Kováčová
EGMO,Belgium,Wenxi Zhou
EGMO,Bangladesh,Nahian Parin Ifa
EGMO,Bulgaria,Stanislava Petrova
EGMO,Denmark,Emilie Marie Nouard
EGMO,Ecuador,Mia Leonor Dunn Bertha
EGMO,Estonia,Kaisa Joala
EGMO,Estonia,Triinu Valdvee
EGMO,Georgia,Eliso Machitidze
EGMO,Kazakhstan,Aruzhan Batyrkhan
EGMO,Kosovo,Entela Mirena
EGMO,Moldova,Laura Iachimov
EGMO,Nigeria,Abasiofon Otobong Sampson
EGMO,Netherlands,Emily Wen
EGMO,Saudi Arabia,Lana Nouri
EGMO,Slovakia,Jana Oswaldová
EGMO,Albania,Evia Nezha
EGMO,Belgium,Kashika Sinha
EGMO,Cyprus,Anna Rouva
EGMO,Cyprus,Ekaterina Frolova
EGMO,Cyprus,Kira Narovlianskaia
EGMO,Ecuador,María Paz Rodríguez
EGMO,Iceland,Nicole Jóna Jóhannsdóttir
EGMO,North Macedonia,Tea Angelova
EGMO,Colombia,Daniela Estrada
EGMO,Ecuador,Linna Shen
EGMO,Greece,Maria Karolina Vasilatou
EGMO,Ireland,Siobhan Mc Gale
EGMO,Kyrgyzstan,Ramilya Bozova
EGMO,Kosovo,Dina Maliqi
EGMO,Sri Lanka,Tenuki Sinelika Bosirini Manannalage
EGMO,Latvia,Jelizaveta Deņisova
EGMO,North Macedonia,Ilina Arsovska
EGMO,Sweden,Ellen Engman Hytti
EGMO,United Kingdom,Leila Liu
EGMO,Albania,Asia Bedalli
EGMO,Bosnia and Herzegovina,Farah Demirović
EGMO,Canada,Riley Jin
EGMO,France,Thaïs Champetier
EGMO,Iceland,Snædís Hanna Jensdóttir
EGMO,Kyrgyzstan,Angelina Kim
EGMO,Norway,Cathy Rong
EGMO,Rwanda,Audrey Irakoze
EGMO,Rwanda,Sonia Keza
EGMO,Rwanda,Flora Elyse Ineza
EGMO,Tunisia,Asma Mejbri
EGMO,Albania,Erola Mati
EGMO,Albania,Erika Meçaj
EGMO,Colombia,Maria Juliana Gómez
EGMO,Ecuador,Paulina Morales
EGMO,Iceland,Mary Lilja Ingimundarson
EGMO,Israel,Tamar Stern
EGMO,Sri Lanka,Yara Daneen Abu Zanaz
EGMO,Sri Lanka,Vidasi Gayansa Jayasinghe Arachchi
EGMO,Nigeria,Damaris Oluwasemilore Oyerinde
EGMO,Nigeria,Chimfumnanya Stephanie Aghaduno
EGMO,Norway,Mariam Eltrissi
EGMO,Tunisia,Chahed Temtem
EGMO,Tunisia,Aya Ben Yahia
EGMO,Tunisia,Emna Chelly Jbelia
